-- phpMyAdmin SQL Dump
-- version 5.2.1
-- https://www.phpmyadmin.net/
--
-- Hôte : localhost:3306
-- Généré le : mer. 05 juin 2024 à 10:55
-- Version du serveur : 8.0.30
-- Version de PHP : 8.1.10

SET SQL_MODE = "NO_AUTO_VALUE_ON_ZERO";
START TRANSACTION;
SET time_zone = "+00:00";


/*!40101 SET @OLD_CHARACTER_SET_CLIENT=@@CHARACTER_SET_CLIENT */;
/*!40101 SET @OLD_CHARACTER_SET_RESULTS=@@CHARACTER_SET_RESULTS */;
/*!40101 SET @OLD_COLLATION_CONNECTION=@@COLLATION_CONNECTION */;
/*!40101 SET NAMES utf8mb4 */;

--
-- Base de données : `eshoplaravel`
--

-- --------------------------------------------------------

--
-- Structure de la table `categories`
--

CREATE TABLE `categories` (
  `id` bigint UNSIGNED NOT NULL,
  `name` varchar(255) COLLATE utf8mb4_unicode_ci NOT NULL,
  `description` text COLLATE utf8mb4_unicode_ci NOT NULL,
  `created_at` timestamp NULL DEFAULT NULL,
  `updated_at` timestamp NULL DEFAULT NULL
) ENGINE=InnoDB DEFAULT CHARSET=utf8mb4 COLLATE=utf8mb4_unicode_ci;

--
-- Déchargement des données de la table `categories`
--

INSERT INTO `categories` (`id`, `name`, `description`, `created_at`, `updated_at`) VALUES
(1, 'vêtement', 'mode sport homme', '2024-02-11 17:03:14', '2024-06-04 21:11:29'),
(3, 'accessoire', 'bijou et montre', '2024-02-11 17:06:04', '2024-06-04 21:11:41'),
(4, 'electromenager', 'maison grande maison de famille', '2024-02-13 07:26:50', '2024-06-04 19:26:50'),
(5, 'Électroniques', 'TV, Vidéo & Home Cinéma', '2024-03-06 19:42:02', '2024-03-06 19:42:02'),
(6, 'chaussure', 'sport esperence', '2024-03-09 16:36:03', '2024-03-09 16:36:03'),
(7, 'informatique', 'matériels informatique', '2024-06-04 17:29:26', '2024-06-04 17:29:26');

-- --------------------------------------------------------

--
-- Structure de la table `commandes`
--

CREATE TABLE `commandes` (
  `id` bigint UNSIGNED NOT NULL,
  `etat` enum('en cours','paye') COLLATE utf8mb4_unicode_ci NOT NULL DEFAULT 'en cours',
  `client_id` bigint UNSIGNED NOT NULL,
  `payment_method` varchar(255) CHARACTER SET utf8mb4 COLLATE utf8mb4_unicode_ci DEFAULT NULL,
  `delivery_phone` varchar(255) CHARACTER SET utf8mb4 COLLATE utf8mb4_unicode_ci DEFAULT NULL,
  `delivery_address` varchar(255) CHARACTER SET utf8mb4 COLLATE utf8mb4_unicode_ci DEFAULT NULL,
  `emaildel` varchar(255) CHARACTER SET utf8mb4 COLLATE utf8mb4_unicode_ci DEFAULT NULL,
  `created_at` timestamp NULL DEFAULT NULL,
  `updated_at` timestamp NULL DEFAULT NULL
) ENGINE=InnoDB DEFAULT CHARSET=utf8mb4 COLLATE=utf8mb4_unicode_ci;

--
-- Déchargement des données de la table `commandes`
--

INSERT INTO `commandes` (`id`, `etat`, `client_id`, `payment_method`, `delivery_phone`, `delivery_address`, `emaildel`, `created_at`, `updated_at`) VALUES
(133, 'paye', 2, 'livraison', '28563147', 'cite wahat tunis', 'rami@gmail.com', '2024-02-28 16:39:48', '2024-02-28 17:11:42'),
(134, 'paye', 2, NULL, NULL, NULL, NULL, '2024-02-28 17:19:22', '2024-02-29 08:47:22'),
(135, 'paye', 7, NULL, NULL, NULL, NULL, '2024-02-28 22:49:49', '2024-02-28 22:49:53'),
(136, 'paye', 2, NULL, NULL, NULL, NULL, '2024-02-29 11:07:41', '2024-02-29 18:23:41'),
(137, 'paye', 13, NULL, NULL, NULL, NULL, '2024-02-29 18:18:15', '2024-02-29 18:18:23'),
(140, 'paye', 2, NULL, NULL, NULL, NULL, '2024-02-29 18:36:05', '2024-02-29 18:36:08'),
(141, 'paye', 2, NULL, NULL, NULL, NULL, '2024-02-29 18:55:30', '2024-03-02 17:43:02'),
(142, 'paye', 1, NULL, NULL, NULL, NULL, '2024-03-02 17:19:35', '2024-03-02 17:19:39'),
(143, 'paye', 2, NULL, NULL, NULL, NULL, '2024-03-02 17:43:33', '2024-03-02 17:43:39'),
(144, 'paye', 2, NULL, NULL, NULL, NULL, '2024-03-02 17:51:17', '2024-03-02 20:10:16'),
(145, 'paye', 2, NULL, NULL, NULL, NULL, '2024-03-02 20:10:43', '2024-03-02 20:11:30'),
(146, 'paye', 2, NULL, NULL, NULL, NULL, '2024-03-02 20:13:18', '2024-03-02 20:13:20'),
(147, 'paye', 2, NULL, NULL, NULL, NULL, '2024-03-03 05:18:18', '2024-03-03 11:45:57'),
(148, 'paye', 2, NULL, NULL, NULL, NULL, '2024-03-03 11:47:45', '2024-03-03 11:47:47'),
(149, 'paye', 2, NULL, NULL, NULL, NULL, '2024-03-03 11:53:39', '2024-03-03 11:53:40'),
(150, 'paye', 2, NULL, NULL, NULL, NULL, '2024-03-03 11:55:35', '2024-03-09 16:19:28'),
(151, 'paye', 1, NULL, NULL, NULL, NULL, '2024-03-06 20:16:03', '2024-03-16 09:11:39'),
(152, 'paye', 7, NULL, NULL, NULL, NULL, '2024-03-06 20:17:34', '2024-03-06 20:18:16'),
(153, 'paye', 7, NULL, NULL, NULL, NULL, '2024-03-06 20:51:18', '2024-03-24 23:10:55'),
(154, 'paye', 2, NULL, NULL, NULL, NULL, '2024-03-09 16:40:40', '2024-03-09 16:40:50'),
(155, 'paye', 2, NULL, NULL, NULL, NULL, '2024-03-10 06:29:25', '2024-03-10 06:29:30'),
(156, 'paye', 2, NULL, NULL, NULL, NULL, '2024-03-10 06:30:02', '2024-03-10 06:30:06'),
(157, 'paye', 2, NULL, NULL, NULL, NULL, '2024-03-10 06:42:55', '2024-03-20 08:37:46'),
(158, 'paye', 14, NULL, NULL, NULL, NULL, '2024-03-10 15:02:24', '2024-03-10 15:04:40'),
(159, 'en cours', 14, NULL, NULL, NULL, NULL, '2024-03-10 15:10:37', '2024-03-10 15:10:37'),
(160, 'en cours', 21, NULL, NULL, NULL, NULL, '2024-03-11 19:56:23', '2024-03-11 19:56:23'),
(161, 'paye', 22, NULL, NULL, NULL, NULL, '2024-03-11 20:01:04', '2024-03-11 20:01:09'),
(162, 'paye', 23, NULL, NULL, NULL, NULL, '2024-03-11 20:24:11', '2024-04-19 09:52:50'),
(163, 'paye', 18, NULL, NULL, NULL, NULL, '2024-03-11 20:44:24', '2024-03-11 20:45:12'),
(164, 'paye', 18, NULL, NULL, NULL, NULL, '2024-03-11 20:46:45', '2024-03-25 14:11:51'),
(165, 'paye', 25, NULL, NULL, NULL, NULL, '2024-03-12 19:58:53', '2024-03-12 20:01:00'),
(166, 'en cours', 25, NULL, NULL, NULL, NULL, '2024-03-12 20:03:06', '2024-03-12 20:03:06'),
(167, 'paye', 1, NULL, NULL, NULL, NULL, '2024-03-16 09:52:21', '2024-03-16 09:52:26'),
(168, 'paye', 1, NULL, NULL, NULL, NULL, '2024-03-16 10:52:03', '2024-03-16 10:52:09'),
(169, 'paye', 1, NULL, NULL, NULL, NULL, '2024-03-16 10:52:40', '2024-04-10 20:51:12'),
(170, 'paye', 2, NULL, NULL, NULL, NULL, '2024-03-20 08:39:24', '2024-03-20 08:39:33'),
(171, 'paye', 2, NULL, NULL, NULL, NULL, '2024-03-25 14:02:45', '2024-03-25 14:04:57'),
(172, 'paye', 2, NULL, NULL, NULL, NULL, '2024-03-25 20:10:57', '2024-03-25 20:33:39'),
(173, 'paye', 2, NULL, NULL, NULL, NULL, '2024-03-27 21:15:04', '2024-03-27 21:15:07'),
(174, 'paye', 2, NULL, NULL, NULL, NULL, '2024-03-27 21:21:26', '2024-03-27 21:21:29'),
(175, 'paye', 2, NULL, NULL, NULL, NULL, '2024-03-28 11:50:52', '2024-04-23 19:15:00'),
(176, 'paye', 7, NULL, NULL, NULL, NULL, '2024-03-30 14:33:49', '2024-04-05 23:20:54'),
(177, 'paye', 7, NULL, NULL, NULL, NULL, '2024-04-05 23:21:18', '2024-04-10 19:49:10'),
(178, 'paye', 7, NULL, NULL, NULL, NULL, '2024-04-10 19:52:59', '2024-04-10 22:44:53'),
(179, 'paye', 1, NULL, NULL, NULL, NULL, '2024-04-10 20:51:27', '2024-04-10 20:52:35'),
(180, 'paye', 1, NULL, NULL, NULL, NULL, '2024-04-10 20:53:46', '2024-04-10 21:07:10'),
(181, 'paye', 1, NULL, NULL, NULL, NULL, '2024-04-10 21:10:18', '2024-04-10 21:18:05'),
(183, 'paye', 7, NULL, NULL, NULL, NULL, '2024-04-10 22:48:38', '2024-04-10 23:02:50'),
(184, 'paye', 7, NULL, NULL, NULL, NULL, '2024-04-10 23:18:01', '2024-04-11 00:20:59'),
(185, 'paye', 7, NULL, NULL, NULL, NULL, '2024-04-11 00:21:22', '2024-04-11 00:33:39'),
(186, 'paye', 7, NULL, NULL, NULL, NULL, '2024-04-11 00:35:02', '2024-04-11 00:38:39'),
(187, 'paye', 7, NULL, NULL, NULL, NULL, '2024-04-11 00:39:52', '2024-04-11 00:40:06'),
(188, 'paye', 7, NULL, NULL, NULL, NULL, '2024-04-11 00:41:14', '2024-04-11 00:41:17'),
(189, 'paye', 7, NULL, NULL, NULL, NULL, '2024-04-11 00:42:01', '2024-04-11 00:42:16'),
(190, 'paye', 7, NULL, NULL, NULL, NULL, '2024-04-11 00:43:42', '2024-04-11 00:51:47'),
(191, 'paye', 7, NULL, NULL, NULL, NULL, '2024-04-11 01:00:25', '2024-04-11 01:12:05'),
(192, 'paye', 7, NULL, NULL, NULL, NULL, '2024-04-11 01:13:32', '2024-04-11 01:13:47'),
(193, 'paye', 7, NULL, NULL, NULL, NULL, '2024-04-11 01:22:49', '2024-04-11 01:22:57'),
(194, 'paye', 7, NULL, NULL, NULL, NULL, '2024-04-11 01:24:25', '2024-04-11 01:24:42'),
(195, 'paye', 7, NULL, NULL, NULL, NULL, '2024-04-11 01:26:26', '2024-04-11 01:27:01'),
(196, 'paye', 7, NULL, NULL, NULL, NULL, '2024-04-11 01:55:54', '2024-04-11 01:55:57'),
(197, 'paye', 7, NULL, NULL, NULL, NULL, '2024-04-11 01:57:56', '2024-04-11 01:58:00'),
(198, 'paye', 7, NULL, NULL, NULL, NULL, '2024-04-11 02:14:41', '2024-04-11 02:29:24'),
(199, 'paye', 7, NULL, NULL, NULL, NULL, '2024-04-11 17:37:08', '2024-04-11 17:46:03'),
(200, 'paye', 7, NULL, NULL, NULL, NULL, '2024-04-11 17:55:44', '2024-04-12 20:41:27'),
(201, 'paye', 7, NULL, NULL, NULL, NULL, '2024-04-12 20:48:46', '2024-04-12 20:48:50'),
(202, 'paye', 7, NULL, NULL, NULL, NULL, '2024-04-12 21:29:30', '2024-04-12 21:29:32'),
(203, 'paye', 7, NULL, NULL, NULL, NULL, '2024-04-12 21:30:14', '2024-04-12 21:30:26'),
(204, 'paye', 7, NULL, NULL, NULL, NULL, '2024-04-12 21:34:43', '2024-04-12 21:36:53'),
(205, 'paye', 7, NULL, NULL, NULL, NULL, '2024-04-12 21:38:34', '2024-04-12 21:39:03'),
(206, 'paye', 7, NULL, NULL, NULL, NULL, '2024-04-12 21:39:51', '2024-04-12 21:40:57'),
(207, 'paye', 7, NULL, NULL, NULL, NULL, '2024-04-12 21:42:37', '2024-04-12 21:43:45'),
(208, 'paye', 7, NULL, NULL, NULL, NULL, '2024-04-12 22:13:17', '2024-04-12 22:13:20'),
(209, 'paye', 7, NULL, NULL, NULL, NULL, '2024-04-12 22:16:26', '2024-04-12 22:40:52'),
(210, 'paye', 7, NULL, NULL, NULL, NULL, '2024-04-12 22:42:42', '2024-04-12 22:42:44'),
(211, 'paye', 7, NULL, NULL, NULL, NULL, '2024-04-12 22:44:46', '2024-04-12 22:50:57'),
(214, 'paye', 7, NULL, NULL, NULL, NULL, '2024-04-13 23:36:54', '2024-04-13 23:36:58'),
(217, 'paye', 7, NULL, NULL, NULL, NULL, '2024-04-13 23:42:30', '2024-04-13 23:42:39'),
(219, 'paye', 7, NULL, NULL, NULL, NULL, '2024-04-13 23:47:43', '2024-04-13 23:47:45'),
(220, 'paye', 7, NULL, NULL, NULL, NULL, '2024-04-14 00:12:54', '2024-04-14 00:12:56'),
(221, 'paye', 7, NULL, NULL, NULL, NULL, '2024-04-14 00:31:15', '2024-04-14 00:31:17'),
(222, 'paye', 7, NULL, NULL, NULL, NULL, '2024-04-14 00:37:57', '2024-04-14 00:37:59'),
(223, 'paye', 7, NULL, NULL, NULL, NULL, '2024-04-14 00:54:02', '2024-04-14 00:54:56'),
(224, 'paye', 7, NULL, NULL, NULL, NULL, '2024-04-14 01:14:26', '2024-04-14 01:14:28'),
(225, 'paye', 7, NULL, NULL, NULL, NULL, '2024-04-14 01:16:49', '2024-04-14 01:18:40'),
(226, 'paye', 7, NULL, NULL, NULL, NULL, '2024-04-14 01:26:21', '2024-04-14 01:26:49'),
(227, 'paye', 7, NULL, NULL, NULL, NULL, '2024-04-14 01:33:45', '2024-04-14 01:35:03'),
(228, 'paye', 7, NULL, NULL, NULL, NULL, '2024-04-14 01:36:28', '2024-04-14 01:36:30'),
(229, 'paye', 1, NULL, NULL, NULL, NULL, '2024-04-14 01:42:11', '2024-04-14 01:42:14'),
(230, 'paye', 1, NULL, NULL, NULL, NULL, '2024-04-14 01:45:01', '2024-04-14 01:45:03'),
(231, 'paye', 1, NULL, NULL, NULL, NULL, '2024-04-14 01:49:21', '2024-04-14 01:49:23'),
(232, 'paye', 1, NULL, NULL, NULL, NULL, '2024-04-14 01:52:15', '2024-04-14 01:52:16'),
(233, 'paye', 1, NULL, NULL, NULL, NULL, '2024-04-14 02:00:04', '2024-04-14 02:00:06'),
(234, 'paye', 1, NULL, NULL, NULL, NULL, '2024-04-14 02:01:36', '2024-04-14 02:02:23'),
(235, 'paye', 7, NULL, NULL, NULL, NULL, '2024-04-14 02:04:54', '2024-04-14 02:04:57'),
(236, 'paye', 7, NULL, NULL, NULL, NULL, '2024-04-14 02:11:27', '2024-04-14 02:11:28'),
(237, 'paye', 7, NULL, NULL, NULL, NULL, '2024-04-14 02:17:27', '2024-04-14 02:17:33'),
(238, 'paye', 7, NULL, NULL, NULL, NULL, '2024-04-15 20:02:06', '2024-04-15 20:02:09'),
(241, 'paye', 7, NULL, NULL, NULL, NULL, '2024-04-15 20:30:36', '2024-04-15 20:30:48'),
(242, 'paye', 7, NULL, NULL, NULL, NULL, '2024-04-15 20:33:22', '2024-04-15 20:33:44'),
(244, 'paye', 7, NULL, NULL, NULL, NULL, '2024-04-15 20:42:51', '2024-04-15 20:58:37'),
(245, 'paye', 7, NULL, NULL, NULL, NULL, '2024-04-15 21:00:56', '2024-04-15 21:01:07'),
(246, 'paye', 7, NULL, NULL, NULL, NULL, '2024-04-15 21:02:02', '2024-04-15 21:02:06'),
(247, 'paye', 7, NULL, NULL, NULL, NULL, '2024-04-15 21:10:14', '2024-04-15 21:16:50'),
(249, 'paye', 7, NULL, NULL, NULL, NULL, '2024-04-15 21:20:16', '2024-04-15 21:22:30'),
(250, 'paye', 7, NULL, NULL, NULL, NULL, '2024-04-15 21:24:58', '2024-04-15 21:25:01'),
(252, 'paye', 7, NULL, NULL, NULL, NULL, '2024-04-15 21:51:59', '2024-04-15 21:59:32'),
(254, 'paye', 1, NULL, NULL, NULL, NULL, '2024-04-17 17:16:00', '2024-04-17 17:16:03'),
(255, 'paye', 7, NULL, NULL, NULL, NULL, '2024-04-17 17:22:39', '2024-04-17 17:23:09'),
(256, 'paye', 1, NULL, NULL, NULL, NULL, '2024-04-17 17:40:35', '2024-04-17 17:40:37'),
(257, 'paye', 1, NULL, NULL, NULL, NULL, '2024-04-17 21:03:46', '2024-04-17 21:04:07'),
(258, 'paye', 1, NULL, NULL, NULL, NULL, '2024-04-17 21:18:23', '2024-04-18 09:08:45'),
(259, 'paye', 1, NULL, NULL, NULL, NULL, '2024-04-18 09:09:09', '2024-04-18 09:09:14'),
(260, 'paye', 23, NULL, NULL, NULL, NULL, '2024-04-19 10:05:49', '2024-04-19 10:05:56'),
(261, 'paye', 23, NULL, NULL, NULL, NULL, '2024-04-19 10:18:30', '2024-04-19 10:18:35'),
(262, 'paye', 23, NULL, NULL, NULL, NULL, '2024-04-19 10:22:36', '2024-04-19 10:22:41'),
(263, 'paye', 23, NULL, NULL, NULL, NULL, '2024-04-19 10:23:27', '2024-04-19 10:23:32'),
(264, 'paye', 23, NULL, NULL, NULL, NULL, '2024-04-19 10:24:56', '2024-04-19 10:25:03'),
(265, 'paye', 23, NULL, NULL, NULL, NULL, '2024-04-19 13:08:17', '2024-04-19 13:20:21'),
(266, 'paye', 7, NULL, NULL, NULL, NULL, '2024-04-20 21:11:15', '2024-04-20 21:11:18'),
(267, 'paye', 7, NULL, NULL, NULL, NULL, '2024-04-20 21:16:48', '2024-04-20 21:16:50'),
(268, 'paye', 7, NULL, NULL, NULL, NULL, '2024-04-20 21:28:36', '2024-04-20 21:28:42'),
(269, 'paye', 7, NULL, NULL, NULL, NULL, '2024-04-20 21:33:52', '2024-04-20 21:34:27'),
(270, 'paye', 7, NULL, NULL, NULL, NULL, '2024-04-20 21:36:30', '2024-04-20 21:36:32'),
(271, 'paye', 7, NULL, NULL, NULL, NULL, '2024-04-20 21:38:27', '2024-04-20 21:38:30'),
(272, 'paye', 7, NULL, NULL, NULL, NULL, '2024-04-20 22:04:52', '2024-04-20 22:10:11'),
(273, 'paye', 7, NULL, NULL, NULL, NULL, '2024-04-20 22:11:52', '2024-04-20 22:12:13'),
(274, 'paye', 7, NULL, NULL, NULL, NULL, '2024-04-20 22:13:46', '2024-04-20 22:14:13'),
(275, 'paye', 7, NULL, NULL, NULL, NULL, '2024-04-20 22:21:31', '2024-04-20 22:21:34'),
(276, 'paye', 7, NULL, NULL, NULL, NULL, '2024-04-20 22:23:16', '2024-04-20 22:23:19'),
(277, 'paye', 7, NULL, NULL, NULL, NULL, '2024-04-22 20:27:36', '2024-04-23 09:12:03'),
(278, 'paye', 7, NULL, NULL, NULL, NULL, '2024-04-23 09:12:49', '2024-04-23 09:13:03'),
(280, 'paye', 2, NULL, NULL, NULL, NULL, '2024-04-23 19:15:58', '2024-04-23 19:16:01'),
(281, 'paye', 2, NULL, NULL, NULL, NULL, '2024-04-23 19:16:48', '2024-04-23 19:19:31'),
(282, 'paye', 2, NULL, NULL, NULL, NULL, '2024-04-23 19:34:33', '2024-04-23 19:42:00'),
(283, 'paye', 2, NULL, NULL, NULL, NULL, '2024-04-23 19:44:46', '2024-04-23 19:44:49'),
(284, 'paye', 2, NULL, NULL, NULL, NULL, '2024-04-23 19:45:53', '2024-04-23 21:26:19'),
(290, 'paye', 2, NULL, NULL, NULL, NULL, '2024-04-23 21:26:26', '2024-04-23 21:26:54'),
(291, 'paye', 2, NULL, NULL, NULL, NULL, '2024-04-23 21:26:58', '2024-04-24 07:51:33'),
(292, 'paye', 2, NULL, NULL, NULL, NULL, '2024-04-24 10:18:26', '2024-04-24 10:18:29'),
(293, 'paye', 2, NULL, NULL, NULL, NULL, '2024-04-24 13:01:40', '2024-04-24 13:12:48'),
(294, 'paye', 7, NULL, NULL, NULL, NULL, '2024-04-24 18:34:18', '2024-04-24 18:34:36'),
(295, 'paye', 7, NULL, NULL, NULL, NULL, '2024-04-24 18:40:13', '2024-05-11 12:19:01'),
(296, 'paye', 2, NULL, NULL, NULL, NULL, '2024-04-24 18:41:49', '2024-04-24 19:32:07'),
(297, 'paye', 2, NULL, NULL, NULL, NULL, '2024-04-24 19:32:13', '2024-04-24 19:32:39'),
(298, 'paye', 2, NULL, NULL, NULL, NULL, '2024-04-24 19:32:45', '2024-04-24 20:39:58'),
(299, 'paye', 2, NULL, NULL, NULL, NULL, '2024-04-24 20:40:55', '2024-04-25 12:03:42'),
(300, 'paye', 27, NULL, NULL, NULL, NULL, '2024-04-24 21:15:15', '2024-04-25 08:52:08'),
(301, 'paye', 2, NULL, NULL, NULL, NULL, '2024-04-25 12:14:22', '2024-04-25 14:36:31'),
(302, 'paye', 2, NULL, NULL, NULL, NULL, '2024-04-25 14:37:34', '2024-04-25 14:48:21'),
(303, 'paye', 2, NULL, NULL, NULL, NULL, '2024-04-25 14:49:58', '2024-04-25 14:50:31'),
(304, 'paye', 2, NULL, NULL, NULL, NULL, '2024-04-25 14:54:04', '2024-04-25 14:55:35'),
(305, 'paye', 2, NULL, NULL, NULL, NULL, '2024-04-25 15:09:57', '2024-04-25 16:38:55'),
(306, 'paye', 2, 'livraison', '22334455', 'cite salem tunis', 'client@gmail.com', '2024-04-27 11:55:33', '2024-05-20 14:16:34'),
(307, 'paye', 28, NULL, NULL, NULL, NULL, '2024-04-27 12:18:01', '2024-04-27 12:18:16'),
(308, 'paye', 28, NULL, NULL, NULL, NULL, '2024-04-27 12:19:24', '2024-04-27 12:21:37'),
(309, 'paye', 28, NULL, NULL, NULL, NULL, '2024-04-27 13:05:30', '2024-04-28 15:53:22'),
(310, 'paye', 27, NULL, NULL, NULL, NULL, '2024-04-27 15:18:50', '2024-05-11 18:37:39'),
(311, 'paye', 28, NULL, NULL, NULL, NULL, '2024-05-01 07:02:36', '2024-05-01 07:07:12'),
(312, 'paye', 28, NULL, NULL, NULL, NULL, '2024-05-01 07:08:15', '2024-05-01 10:20:06'),
(313, 'paye', 28, NULL, NULL, NULL, NULL, '2024-05-01 10:20:24', '2024-05-06 17:09:51'),
(314, 'en cours', 29, NULL, NULL, NULL, NULL, '2024-05-01 19:25:08', '2024-05-01 19:25:08'),
(315, 'en cours', 42, NULL, NULL, NULL, NULL, '2024-05-04 15:48:05', '2024-05-04 15:48:05'),
(316, 'paye', 4, NULL, NULL, NULL, NULL, '2024-05-06 15:57:21', '2024-05-06 15:57:24'),
(317, 'paye', 4, NULL, NULL, NULL, NULL, '2024-05-06 15:59:46', '2024-05-06 15:59:49'),
(318, 'paye', 4, NULL, NULL, NULL, NULL, '2024-05-06 16:00:29', '2024-05-06 16:00:32'),
(319, 'paye', 28, NULL, NULL, NULL, NULL, '2024-05-06 17:10:08', '2024-05-06 17:10:20'),
(320, 'paye', 28, NULL, NULL, NULL, NULL, '2024-05-06 17:10:40', '2024-05-06 17:10:57'),
(321, 'paye', 28, NULL, NULL, NULL, NULL, '2024-05-06 17:11:09', '2024-05-06 17:11:48'),
(322, 'paye', 28, NULL, NULL, NULL, NULL, '2024-05-06 17:13:52', '2024-05-06 17:14:02'),
(323, 'paye', 28, NULL, NULL, NULL, NULL, '2024-05-06 17:15:42', '2024-05-11 06:45:08'),
(324, 'paye', 28, NULL, NULL, NULL, NULL, '2024-05-11 07:47:20', '2024-05-11 07:47:55'),
(325, 'paye', 28, NULL, NULL, NULL, NULL, '2024-05-11 07:48:16', '2024-05-11 11:06:53'),
(326, 'paye', 28, NULL, NULL, NULL, NULL, '2024-05-11 11:07:15', '2024-05-11 11:07:42'),
(327, 'paye', 28, NULL, NULL, NULL, NULL, '2024-05-11 11:16:59', '2024-05-11 11:22:28'),
(328, 'paye', 28, NULL, NULL, NULL, NULL, '2024-05-11 11:22:40', '2024-05-11 11:24:02'),
(329, 'paye', 28, NULL, NULL, NULL, NULL, '2024-05-11 11:24:08', '2024-05-11 12:03:23'),
(330, 'paye', 28, NULL, NULL, NULL, NULL, '2024-05-11 12:10:21', '2024-05-11 12:10:24'),
(331, 'paye', 28, NULL, NULL, NULL, NULL, '2024-05-11 12:14:02', '2024-05-11 12:14:06'),
(332, 'paye', 28, NULL, NULL, NULL, NULL, '2024-05-11 12:15:21', '2024-05-11 12:15:26'),
(333, 'paye', 28, NULL, NULL, NULL, NULL, '2024-05-11 12:16:00', '2024-05-11 12:16:04'),
(334, 'paye', 28, NULL, NULL, NULL, NULL, '2024-05-11 12:17:08', '2024-05-11 12:17:13'),
(335, 'paye', 7, NULL, NULL, NULL, NULL, '2024-05-11 12:21:37', '2024-05-11 12:21:54'),
(336, 'paye', 28, NULL, NULL, NULL, NULL, '2024-05-11 13:58:04', '2024-05-11 13:58:19'),
(337, 'paye', 32, NULL, NULL, NULL, NULL, '2024-05-11 13:59:02', '2024-05-11 13:59:13'),
(338, 'paye', 32, NULL, NULL, NULL, NULL, '2024-05-11 14:01:00', '2024-05-11 14:01:08'),
(339, 'paye', 32, NULL, NULL, NULL, NULL, '2024-05-11 14:02:07', '2024-05-11 14:08:50'),
(340, 'paye', 32, NULL, NULL, NULL, NULL, '2024-05-11 14:11:44', '2024-05-11 14:12:06'),
(341, 'paye', 32, NULL, NULL, NULL, NULL, '2024-05-11 14:22:37', '2024-05-11 14:25:32'),
(342, 'paye', 32, NULL, NULL, NULL, NULL, '2024-05-11 14:26:45', '2024-05-11 14:27:01'),
(343, 'paye', 32, NULL, NULL, NULL, NULL, '2024-05-11 14:30:13', '2024-05-11 14:30:31'),
(344, 'paye', 32, NULL, NULL, NULL, NULL, '2024-05-11 14:43:49', '2024-05-11 14:50:11'),
(345, 'paye', 32, NULL, NULL, NULL, NULL, '2024-05-11 14:53:10', '2024-05-11 15:06:56'),
(346, 'paye', 32, NULL, NULL, NULL, NULL, '2024-05-11 15:10:23', '2024-05-11 15:11:21'),
(347, 'paye', 32, NULL, NULL, NULL, NULL, '2024-05-11 15:15:18', '2024-05-11 15:15:42'),
(348, 'paye', 27, NULL, NULL, NULL, NULL, '2024-05-11 18:39:14', '2024-05-11 19:15:40'),
(349, 'paye', 27, NULL, NULL, NULL, NULL, '2024-05-11 19:16:28', '2024-05-11 19:22:01'),
(350, 'paye', 27, NULL, NULL, NULL, NULL, '2024-05-11 20:52:37', '2024-05-11 21:03:12'),
(351, 'paye', 27, NULL, NULL, NULL, NULL, '2024-05-11 21:03:18', '2024-05-11 21:04:00'),
(352, 'paye', 27, NULL, NULL, NULL, NULL, '2024-05-11 21:04:07', '2024-05-11 21:04:34'),
(353, 'paye', 27, NULL, NULL, NULL, NULL, '2024-05-11 21:11:25', '2024-05-11 21:12:28'),
(354, 'paye', 27, NULL, NULL, NULL, NULL, '2024-05-11 21:14:22', '2024-05-11 21:15:05'),
(355, 'paye', 27, NULL, NULL, NULL, NULL, '2024-05-11 21:16:18', '2024-05-11 21:17:06'),
(356, 'paye', 27, NULL, NULL, NULL, NULL, '2024-05-11 21:19:21', '2024-05-11 21:19:25'),
(357, 'paye', 27, NULL, NULL, NULL, NULL, '2024-05-11 21:21:19', '2024-05-11 21:21:23'),
(358, 'paye', 27, NULL, NULL, NULL, NULL, '2024-05-11 21:23:39', '2024-05-11 21:24:35'),
(359, 'paye', 27, NULL, NULL, NULL, NULL, '2024-05-11 21:26:35', '2024-05-11 21:41:41'),
(360, 'paye', 27, NULL, NULL, NULL, NULL, '2024-05-11 21:44:29', '2024-05-11 21:51:02'),
(361, 'paye', 27, NULL, NULL, NULL, NULL, '2024-05-11 21:56:03', '2024-05-11 21:56:39'),
(362, 'paye', 27, NULL, NULL, NULL, NULL, '2024-05-11 22:02:27', '2024-05-11 22:03:02'),
(363, 'en cours', 27, NULL, NULL, NULL, NULL, '2024-05-11 22:04:41', '2024-05-11 22:04:41'),
(364, 'paye', 7, NULL, NULL, NULL, NULL, '2024-05-12 10:29:31', '2024-05-12 10:40:16'),
(365, 'paye', 7, NULL, NULL, NULL, NULL, '2024-05-12 10:42:55', '2024-05-12 11:22:30'),
(366, 'paye', 7, NULL, NULL, NULL, NULL, '2024-05-12 11:22:43', '2024-05-12 12:04:48'),
(367, 'paye', 7, NULL, NULL, NULL, NULL, '2024-05-12 12:06:02', '2024-05-12 12:09:07'),
(368, 'paye', 7, NULL, NULL, NULL, NULL, '2024-05-12 12:09:50', '2024-05-12 12:36:04'),
(369, 'paye', 7, NULL, NULL, NULL, NULL, '2024-05-12 12:37:07', '2024-05-12 12:38:51'),
(370, 'paye', 7, NULL, NULL, NULL, NULL, '2024-05-12 12:52:02', '2024-05-12 12:54:43'),
(371, 'paye', 7, NULL, NULL, NULL, NULL, '2024-05-12 12:57:09', '2024-05-12 12:57:15'),
(372, 'paye', 7, NULL, NULL, NULL, NULL, '2024-05-12 13:03:31', '2024-05-12 13:27:54'),
(373, 'paye', 7, NULL, NULL, NULL, NULL, '2024-05-12 13:28:00', '2024-05-12 13:28:33'),
(374, 'paye', 7, NULL, NULL, NULL, NULL, '2024-05-12 13:29:07', '2024-05-12 13:29:39'),
(375, 'paye', 7, NULL, NULL, NULL, NULL, '2024-05-12 13:32:26', '2024-05-12 13:32:31'),
(376, 'paye', 7, NULL, NULL, NULL, NULL, '2024-05-12 13:33:06', '2024-05-12 13:33:31'),
(377, 'paye', 7, NULL, NULL, NULL, NULL, '2024-05-12 14:50:04', '2024-05-12 15:04:23'),
(378, 'paye', 7, NULL, NULL, NULL, NULL, '2024-05-12 15:04:36', '2024-05-12 15:05:06'),
(379, 'paye', 7, NULL, NULL, NULL, NULL, '2024-05-12 15:08:03', '2024-05-12 15:10:47'),
(380, 'paye', 7, NULL, NULL, NULL, NULL, '2024-05-12 15:10:53', '2024-05-12 15:12:15'),
(381, 'paye', 7, NULL, NULL, NULL, NULL, '2024-05-12 15:12:41', '2024-05-12 15:12:45'),
(382, 'paye', 7, 'enligne', '235554778', 'cite mahrajan grand tunis', 'sami@gmail.com', '2024-05-12 15:12:50', '2024-05-13 12:30:57'),
(383, 'paye', 28, NULL, NULL, NULL, NULL, '2024-05-13 10:43:17', '2024-05-13 10:49:29'),
(384, 'paye', 28, 'livraison', '97237866', 'cite khaznadar tunis', 'amine@gmail.com', '2024-05-13 11:59:12', '2024-05-13 11:59:27'),
(385, 'paye', 28, 'enligne', '93214458', 'cite manar tunis', 'amine@gmail.com', '2024-05-13 11:59:48', '2024-05-13 12:00:33'),
(386, 'paye', 28, 'livraison', '97237866', 'cite khaznadar tunis', 'amine@gmail.com', '2024-05-13 12:01:33', '2024-05-13 12:01:36'),
(387, 'paye', 28, 'livraison', '97237866', 'cite khaznadar tunis', 'amine@gmail.com', '2024-05-13 12:24:22', '2024-05-13 12:24:26'),
(388, 'paye', 43, 'livraison', '93254785', 'cite zahra tunis', 'hatem@gmail.com', '2024-05-13 12:39:39', '2024-05-13 12:39:43'),
(389, 'paye', 7, 'enligne', '235554778', 'cite zahra tunis', 'sami@gmail.com', '2024-05-14 18:53:17', '2024-05-14 18:55:08'),
(390, 'paye', 46, 'livraison', '22334455', 'ariana', 'test@gmail.com', '2024-05-14 19:04:57', '2024-05-14 19:05:09'),
(391, 'paye', 46, 'livraison', '22334455', 'ariana', 'test@gmail.com', '2024-05-14 19:12:09', '2024-05-14 19:14:03'),
(392, 'en cours', 46, NULL, NULL, NULL, NULL, '2024-05-14 19:14:46', '2024-05-14 19:14:46'),
(393, 'paye', 7, 'livraison', '235554778', 'cite zahra tunis', 'sami@gmail.com', '2024-05-15 19:08:06', '2024-05-19 09:59:29'),
(394, 'paye', 28, 'enligne', '97237866', 'cite khaznadar tunis', 'amine@gmail.com', '2024-05-16 13:14:40', '2024-05-16 13:15:10'),
(395, 'paye', 28, 'livraison', '97237866', 'cite khaznadar tunis', 'amine@gmail.com', '2024-05-16 13:15:22', '2024-05-16 13:15:25'),
(396, 'paye', 7, 'livraison', '235554778', 'cite zahra tunis', 'sami@gmail.com', '2024-05-19 10:51:12', '2024-05-19 10:51:15'),
(397, 'paye', 7, 'livraison', '235554778', 'cite zahra tunis', 'sami@gmail.com', '2024-05-19 10:51:27', '2024-05-19 10:51:30'),
(398, 'paye', 7, 'livraison', '235554778', 'cite zahra tunis', 'sami@gmail.com', '2024-05-19 10:54:04', '2024-05-24 09:56:28'),
(399, 'paye', 7, 'livraison', '235554778', 'cite zahra tunis', 'sami@gmail.com', '2024-05-24 10:02:12', '2024-05-24 10:02:16'),
(400, 'paye', 7, 'enligne', '235554778', 'cite zahra tunis', 'sami@gmail.com', '2024-05-26 15:10:34', '2024-05-26 15:11:35'),
(401, 'paye', 7, 'enligne', '235554778', 'cite zahra tunis', 'sami@gmail.com', '2024-05-26 15:42:14', '2024-06-02 16:08:08'),
(402, 'paye', 2, 'livraison', '22334455', 'cite salem tunis', 'client@gmail.com', '2024-05-30 20:14:06', '2024-06-01 09:34:48'),
(403, 'paye', 2, 'livraison', '22334455', 'cite salem tunis', 'client@gmail.com', '2024-05-30 20:14:06', '2024-06-01 09:34:56'),
(404, 'en cours', 28, NULL, NULL, NULL, NULL, '2024-06-01 09:34:21', '2024-06-01 09:34:21'),
(405, 'en cours', 2, NULL, NULL, NULL, NULL, '2024-06-01 09:35:13', '2024-06-01 09:35:13'),
(406, 'paye', 7, 'livraison', '235554778', 'cite zahra tunis', 'sami@gmail.com', '2024-06-02 16:09:41', '2024-06-02 16:09:53'),
(407, 'paye', 7, 'enligne', '235554778', 'cite zahra tunis', 'sami@gmail.com', '2024-06-02 16:10:38', '2024-06-02 16:11:11'),
(408, 'paye', 7, 'livraison', '235554778', 'cite zahra tunis', 'sami@gmail.com', '2024-06-02 16:19:20', '2024-06-02 16:20:13');

-- --------------------------------------------------------

--
-- Structure de la table `failed_jobs`
--

CREATE TABLE `failed_jobs` (
  `id` bigint UNSIGNED NOT NULL,
  `uuid` varchar(255) COLLATE utf8mb4_unicode_ci NOT NULL,
  `connection` text COLLATE utf8mb4_unicode_ci NOT NULL,
  `queue` text COLLATE utf8mb4_unicode_ci NOT NULL,
  `payload` longtext COLLATE utf8mb4_unicode_ci NOT NULL,
  `exception` longtext COLLATE utf8mb4_unicode_ci NOT NULL,
  `failed_at` timestamp NOT NULL DEFAULT CURRENT_TIMESTAMP
) ENGINE=InnoDB DEFAULT CHARSET=utf8mb4 COLLATE=utf8mb4_unicode_ci;

-- --------------------------------------------------------

--
-- Structure de la table `ligne_commandes`
--

CREATE TABLE `ligne_commandes` (
  `id` bigint UNSIGNED NOT NULL,
  `qte` int NOT NULL,
  `product_id` bigint UNSIGNED NOT NULL,
  `commande_id` bigint UNSIGNED NOT NULL,
  `size` varchar(255) CHARACTER SET utf8mb4 COLLATE utf8mb4_unicode_ci DEFAULT NULL,
  `color` varchar(255) CHARACTER SET utf8mb4 COLLATE utf8mb4_unicode_ci DEFAULT NULL,
  `created_at` timestamp NULL DEFAULT NULL,
  `updated_at` timestamp NULL DEFAULT NULL
) ENGINE=InnoDB DEFAULT CHARSET=utf8mb4 COLLATE=utf8mb4_unicode_ci;

--
-- Déchargement des données de la table `ligne_commandes`
--

INSERT INTO `ligne_commandes` (`id`, `qte`, `product_id`, `commande_id`, `size`, `color`, `created_at`, `updated_at`) VALUES
(207, 10, 6, 133, NULL, NULL, '2022-02-28 17:10:22', '2024-02-28 17:10:22'),
(208, 10, 16, 133, NULL, NULL, '2022-02-28 17:10:41', '2024-02-28 17:11:42'),
(209, 10, 19, 133, NULL, NULL, '2022-02-28 17:11:26', '2024-02-28 17:11:26'),
(210, 0, 5, 134, NULL, NULL, '2022-05-28 17:19:22', '2024-02-28 17:19:22'),
(212, 0, 1, 134, NULL, NULL, '2022-05-28 21:20:56', '2024-02-28 21:57:40'),
(213, 0, 15, 134, NULL, NULL, '2022-05-28 21:21:07', '2024-02-28 21:21:19'),
(215, 15, 20, 134, NULL, NULL, '2022-05-28 21:59:57', '2024-02-28 21:59:57'),
(216, 0, 25, 134, NULL, NULL, '2022-05-28 22:03:36', '2024-02-28 22:03:36'),
(218, 35, 3, 134, NULL, NULL, '2022-05-28 22:48:55', '2024-02-28 22:48:55'),
(219, 40, 19, 135, NULL, NULL, '2024-09-28 22:49:49', '2024-02-28 22:49:49'),
(220, 10, 6, 134, NULL, NULL, '2022-05-29 07:59:46', '2024-02-29 07:59:46'),
(222, 0, 6, 136, NULL, NULL, '2024-02-29 11:07:41', '2024-02-29 12:46:37'),
(224, 8, 3, 136, NULL, NULL, '2024-02-29 11:08:43', '2024-02-29 11:08:43'),
(225, 60, 28, 137, NULL, NULL, '2024-07-29 18:18:15', '2024-02-29 18:18:15'),
(231, 52, 15, 136, NULL, NULL, '2024-04-29 18:23:33', '2024-02-29 18:23:41'),
(234, 68, 6, 140, NULL, NULL, '2024-08-02 18:36:05', '2024-02-29 18:36:05'),
(235, 60, 1, 141, NULL, NULL, '2024-02-29 18:55:30', '2024-02-29 18:55:30'),
(236, 12, 7, 141, NULL, NULL, '2024-02-29 18:58:32', '2024-02-29 18:58:32'),
(237, 0, 1, 142, NULL, NULL, '2024-03-02 17:19:35', '2024-03-02 17:19:35'),
(239, 0, 3, 143, NULL, NULL, '2024-03-02 17:43:33', '2024-03-02 17:43:33'),
(262, 0, 12, 144, NULL, NULL, '2024-03-02 19:22:30', '2024-03-02 19:22:30'),
(264, 0, 15, 144, NULL, NULL, '2024-03-02 19:29:14', '2024-03-02 20:02:59'),
(271, 30, 11, 145, NULL, NULL, '2024-01-02 20:11:13', '2024-03-02 20:11:13'),
(272, 20, 24, 146, NULL, NULL, '2022-01-02 20:13:18', '2024-03-02 20:13:18'),
(277, 0, 14, 147, NULL, NULL, '2024-03-03 11:40:45', '2024-03-03 11:40:45'),
(278, 0, 6, 147, NULL, NULL, '2024-03-03 11:45:55', '2024-03-03 11:45:55'),
(279, 40, 6, 148, NULL, NULL, '2024-06-03 11:47:45', '2024-03-03 11:47:45'),
(280, 60, 6, 149, NULL, NULL, '2022-03-03 11:53:39', '2024-03-03 11:53:39'),
(291, 5, 14, 150, NULL, NULL, '2024-06-06 07:58:16', '2024-03-06 07:58:16'),
(293, 0, 34, 152, NULL, NULL, '2024-03-06 20:17:34', '2024-03-06 20:17:34'),
(294, 0, 22, 152, NULL, NULL, '2024-03-06 20:18:04', '2024-03-06 20:18:04'),
(295, 0, 33, 153, NULL, NULL, '2024-03-06 20:51:18', '2024-03-06 20:51:18'),
(296, 0, 3, 150, NULL, NULL, '2024-03-09 08:35:49', '2024-03-09 08:35:49'),
(297, 0, 36, 150, NULL, NULL, '2024-03-09 16:11:18', '2024-03-09 16:19:28'),
(298, 0, 46, 154, NULL, NULL, '2024-03-09 16:40:40', '2024-03-09 16:40:40'),
(300, 0, 3, 156, NULL, NULL, '2024-03-10 06:30:02', '2024-03-10 06:30:02'),
(304, 0, 4, 158, NULL, NULL, '2024-03-10 15:02:24', '2024-03-10 15:03:30'),
(305, 0, 1, 158, NULL, NULL, '2024-03-10 15:03:13', '2024-03-10 15:03:13'),
(307, 4, 3, 159, NULL, NULL, '2024-03-10 15:10:37', '2024-04-23 10:04:06'),
(308, 3, 1, 159, NULL, NULL, '2024-03-10 15:10:57', '2024-04-23 19:09:53'),
(309, 0, 46, 160, NULL, NULL, '2024-03-11 19:56:23', '2024-03-11 19:56:23'),
(310, 0, 33, 161, NULL, NULL, '2024-03-11 20:01:04', '2024-03-11 20:01:04'),
(312, 25, 7, 163, NULL, NULL, '2022-04-11 20:44:24', '2024-03-11 20:44:24'),
(314, 40, 3, 164, NULL, NULL, '2022-05-11 20:46:45', '2024-03-25 14:11:51'),
(315, 0, 4, 164, NULL, NULL, '2022-05-11 20:47:32', '2024-03-11 20:47:32'),
(316, 0, 6, 164, NULL, NULL, '2022-05-11 21:00:13', '2024-03-11 21:00:13'),
(317, 65, 7, 165, NULL, NULL, '2024-05-12 19:58:53', '2024-03-12 20:01:00'),
(325, 20, 11, 166, NULL, NULL, '2024-06-12 21:17:36', '2024-03-12 21:47:13'),
(326, 0, 1, 166, NULL, NULL, '2024-06-12 21:41:26', '2024-03-12 21:41:26'),
(328, 10, 6, 166, NULL, NULL, '2024-06-12 21:44:35', '2024-03-12 21:44:35'),
(329, 10, 10, 166, NULL, NULL, '2024-06-12 21:44:53', '2024-03-12 21:44:53'),
(330, 70, 35, 166, NULL, NULL, '2024-06-12 21:47:35', '2024-03-12 21:47:35'),
(332, 20, 6, 157, NULL, NULL, '2024-11-14 20:20:02', '2024-03-14 20:20:02'),
(334, 1, 39, 151, NULL, NULL, '2024-03-16 09:11:26', '2024-03-16 09:11:26'),
(335, 1, 42, 151, NULL, NULL, '2024-03-16 09:11:36', '2024-03-16 09:11:36'),
(336, 15, 34, 167, NULL, NULL, '2024-12-16 09:52:21', '2024-03-16 09:52:21'),
(337, 0, 44, 168, NULL, NULL, '2024-03-16 10:52:03', '2024-03-16 10:52:03'),
(339, 0, 38, 157, NULL, NULL, '2024-03-20 08:37:43', '2024-03-20 08:37:43'),
(340, 90, 10, 170, NULL, NULL, '2024-03-20 08:39:24', '2024-03-20 08:39:24'),
(341, 1, 12, 164, NULL, NULL, '2024-03-20 11:35:23', '2024-03-20 11:35:23'),
(342, 2, 13, 153, NULL, NULL, '2024-10-24 23:10:51', '2024-03-24 23:10:51'),
(344, 80, 45, 171, NULL, NULL, '2024-03-25 14:04:54', '2024-03-25 14:04:54'),
(346, 11, 45, 164, NULL, NULL, '2024-03-25 14:11:47', '2024-03-25 14:11:47'),
(347, 0, 13, 172, NULL, NULL, '2024-03-25 20:10:57', '2024-03-25 20:33:52'),
(350, 10, 4, 173, NULL, NULL, '2024-03-27 21:15:04', '2024-03-27 21:15:04'),
(351, 300, 4, 174, NULL, NULL, '2024-03-27 21:21:26', '2024-03-27 21:21:26'),
(352, 10, 5, 175, NULL, NULL, '2024-03-28 11:50:52', '2024-03-28 11:50:52'),
(354, 1, 9, 176, NULL, NULL, '2024-03-30 14:39:06', '2024-03-30 14:39:06'),
(357, 1, 20, 176, NULL, NULL, '2024-04-05 22:51:20', '2024-04-05 22:51:20'),
(358, 6, 20, 177, NULL, NULL, '2024-04-05 23:21:18', '2024-04-08 15:08:10'),
(362, 1, 4, 178, NULL, NULL, '2024-04-10 19:52:59', '2024-04-10 19:52:59'),
(364, 1, 20, 169, 'M', 'vert', '2024-04-10 20:50:53', '2024-04-10 20:50:53'),
(367, 1, 20, 179, 'S', 'bleu', '2024-04-10 20:52:32', '2024-04-10 20:52:32'),
(370, 2, 20, 180, 'S', 'bleu', '2024-04-10 21:03:46', '2024-04-10 21:03:53'),
(371, 1, 20, 180, 'S', 'rouge', '2024-04-10 21:04:01', '2024-04-10 21:04:01'),
(372, 1, 20, 180, 'XXL', 'jaune', '2024-04-10 21:04:14', '2024-04-10 21:04:14'),
(373, 3, 16, 180, 'M', 'null', '2024-04-10 21:04:34', '2024-04-10 21:04:58'),
(374, 1, 16, 180, 'L', 'null', '2024-04-10 21:04:45', '2024-04-10 21:04:45'),
(375, 1, 16, 180, 'XXL', 'null', '2024-04-10 21:05:05', '2024-04-10 21:05:05'),
(376, 2, 19, 180, 'null', 'bleu', '2024-04-10 21:05:18', '2024-04-10 21:05:25'),
(377, 19, 19, 180, 'null', 'blanc', '2024-04-10 21:05:32', '2024-04-10 21:06:05'),
(378, 1, 19, 181, 'null', 'bleu', '2024-04-10 21:10:18', '2024-04-10 21:10:18'),
(379, 2, 20, 181, 'S', 'bleu', '2024-04-10 21:11:01', '2024-04-10 21:12:30'),
(380, 1, 16, 181, 'L', 'null', '2024-04-10 21:11:46', '2024-04-10 21:11:46'),
(381, 1, 20, 181, 'L', 'rouge', '2024-04-10 21:12:24', '2024-04-10 21:12:24'),
(382, 2, 21, 181, NULL, NULL, '2024-04-10 21:14:24', '2024-04-10 21:14:24'),
(395, 10, 1, 178, NULL, NULL, '2024-04-10 22:44:29', '2024-04-10 22:44:44'),
(398, 2, 16, 184, 'S', 'null', '2024-04-10 23:18:44', '2024-04-11 00:14:17'),
(399, 10, 19, 184, 'null', 'bleu', '2024-04-10 23:36:07', '2024-04-10 23:36:20'),
(400, 3, 20, 184, 'S', 'bleu', '2024-04-10 23:37:07', '2024-04-10 23:37:22'),
(401, 1, 20, 184, 'M', 'vert', '2024-04-10 23:38:15', '2024-04-10 23:38:15'),
(402, 1, 25, 184, NULL, NULL, '2024-04-10 23:49:33', '2024-04-11 00:13:31'),
(403, 5, 12, 184, NULL, NULL, '2024-04-11 00:13:52', '2024-04-11 00:13:52'),
(405, 2, 16, 185, 'S', 'null', '2024-04-11 00:33:35', '2024-04-11 00:33:35'),
(406, 10, 18, 186, NULL, NULL, '2024-04-11 00:35:02', '2024-04-11 00:35:02'),
(407, 4, 19, 186, 'null', 'vert', '2024-04-11 00:38:32', '2024-04-11 00:38:32'),
(408, 4, 19, 187, 'null', 'vert', '2024-04-11 00:39:52', '2024-04-11 00:39:52'),
(409, 2, 19, 188, 'null', 'vert', '2024-04-11 00:41:14', '2024-04-11 00:41:14'),
(410, 2, 19, 189, 'null', 'bleu', '2024-04-11 00:42:01', '2024-04-11 00:42:01'),
(411, 2, 19, 189, 'null', 'blanc', '2024-04-11 00:42:09', '2024-04-11 00:42:09'),
(417, 1, 16, 190, 'M', 'null', '2024-04-11 00:47:13', '2024-04-11 00:47:13'),
(418, 0, 16, 190, 'XL', 'null', '2024-04-11 00:47:33', '2024-04-11 00:51:47'),
(425, 4, 16, 191, 'XL', 'null', '2024-04-11 01:11:32', '2024-04-11 01:11:32'),
(426, 3, 16, 192, 'XL', 'null', '2024-04-11 01:13:32', '2024-04-11 01:13:46'),
(427, 1, 16, 193, 'L', 'null', '2024-04-11 01:22:49', '2024-04-11 01:22:49'),
(428, 1, 16, 194, 'XL', 'null', '2024-04-11 01:24:40', '2024-04-11 01:24:40'),
(429, 8, 16, 195, 'L', 'null', '2024-04-11 01:26:26', '2024-04-11 01:27:01'),
(430, 1, 16, 196, 'S', 'null', '2024-04-11 01:55:54', '2024-04-11 01:55:54'),
(431, 1, 16, 197, 'S', 'null', '2024-04-11 01:57:56', '2024-04-11 01:57:56'),
(434, 2, 16, 198, 'S', 'null', '2024-04-11 02:25:44', '2024-04-11 02:29:18'),
(435, 10, 16, 199, 'S', 'null', '2024-04-11 17:37:08', '2024-04-11 17:44:49'),
(436, 5, 16, 199, 'M', 'null', '2024-04-11 17:37:42', '2024-04-11 17:38:11'),
(438, 6, 16, 199, 'XL', 'null', '2024-04-11 17:40:55', '2024-04-11 17:41:10'),
(439, 10, 16, 199, 'XXL', 'null', '2024-04-11 17:41:25', '2024-04-11 17:41:39'),
(440, 11, 16, 199, 'L', 'null', '2024-04-11 17:42:58', '2024-04-11 17:43:39'),
(444, 10, 16, 200, 'S', 'null', '2024-04-11 18:25:03', '2024-04-11 18:26:21'),
(445, 11, 16, 200, 'XXL', 'null', '2024-04-11 18:27:21', '2024-04-11 18:29:11'),
(446, 10, 16, 200, 'L', 'null', '2024-04-11 18:28:17', '2024-04-11 18:28:34'),
(447, 1, 3, 200, NULL, NULL, '2024-04-12 20:41:25', '2024-04-12 20:41:25'),
(448, 1, 16, 201, 'S', 'null', '2024-04-12 20:48:46', '2024-04-12 20:48:46'),
(449, 1, 16, 202, 'S', 'null', '2024-04-12 21:29:30', '2024-04-12 21:29:30'),
(450, 4, 16, 203, 'XL', 'null', '2024-04-12 21:30:14', '2024-04-12 21:30:14'),
(451, 2, 16, 204, 'XL', 'null', '2024-04-12 21:34:43', '2024-04-12 21:35:25'),
(452, 7, 16, 204, 'S', 'null', '2024-04-12 21:34:55', '2024-04-12 21:34:55'),
(453, 5, 16, 204, 'M', 'null', '2024-04-12 21:35:08', '2024-04-12 21:35:08'),
(454, 11, 16, 204, 'XXL', 'null', '2024-04-12 21:35:38', '2024-04-12 21:35:53'),
(455, 10, 15, 205, NULL, NULL, '2024-04-12 21:38:34', '2024-04-12 21:38:34'),
(457, 3, 20, 206, 'S', 'bleu', '2024-04-12 21:40:08', '2024-04-12 21:40:17'),
(458, 1, 20, 206, 'XL', 'bleu', '2024-04-12 21:40:40', '2024-04-12 21:40:40'),
(459, 2, 20, 206, 'S', 'rouge', '2024-04-12 21:40:55', '2024-04-12 21:40:55'),
(460, 3, 19, 207, 'null', 'bleu', '2024-04-12 21:42:37', '2024-04-12 21:42:37'),
(461, 9, 19, 207, 'null', 'blanc', '2024-04-12 21:42:52', '2024-04-12 21:43:06'),
(462, 1, 19, 207, 'null', 'rouge', '2024-04-12 21:43:19', '2024-04-12 21:43:19'),
(467, 1, 16, 209, 'S', 'null', '2024-04-12 22:33:05', '2024-04-12 22:33:05'),
(468, 3, 16, 209, 'L', 'null', '2024-04-12 22:36:41', '2024-04-12 22:36:41'),
(469, 4, 19, 209, 'null', 'bleu', '2024-04-12 22:40:21', '2024-04-12 22:40:49'),
(470, 4, 16, 210, 'L', 'null', '2024-04-12 22:42:42', '2024-04-12 22:42:42'),
(476, 1, 16, 211, 'S', 'null', '2024-04-12 22:50:55', '2024-04-12 22:50:55'),
(496, 1, 3, 214, NULL, NULL, '2024-04-13 23:36:54', '2024-04-13 23:36:54'),
(500, 1, 13, 217, NULL, NULL, '2024-04-13 23:42:30', '2024-04-13 23:42:30'),
(503, 1, 3, 219, NULL, NULL, '2024-04-13 23:47:43', '2024-04-13 23:47:43'),
(504, 1, 4, 220, NULL, NULL, '2024-04-14 00:12:54', '2024-04-14 00:12:54'),
(505, 1, 7, 221, NULL, NULL, '2024-04-14 00:31:15', '2024-04-14 00:31:15'),
(506, 2, 7, 222, NULL, NULL, '2024-04-14 00:37:57', '2024-04-14 00:37:57'),
(507, 1, 7, 223, NULL, NULL, '2024-04-14 00:54:02', '2024-04-14 00:54:02'),
(508, 1, 7, 224, NULL, NULL, '2024-04-14 01:14:26', '2024-04-14 01:14:26'),
(509, 1, 6, 225, NULL, NULL, '2024-04-14 01:16:49', '2024-04-14 01:16:49'),
(510, 1, 13, 225, NULL, NULL, '2024-04-14 01:17:00', '2024-04-14 01:17:00'),
(511, 0, 16, 225, 'L', 'null', '2024-04-14 01:17:37', '2024-04-14 01:20:30'),
(512, 0, 20, 225, 'XL', 'jaune', '2024-04-14 01:18:04', '2024-04-14 01:19:23'),
(514, 3, 19, 225, 'null', 'bleu', '2024-04-14 01:18:38', '2024-04-14 01:18:38'),
(515, 1, 20, 226, 'L', 'rouge', '2024-04-14 01:26:21', '2024-04-14 01:26:21'),
(516, 1, 16, 226, 'S', 'null', '2024-04-14 01:26:36', '2024-04-14 01:26:36'),
(517, 1, 45, 226, NULL, NULL, '2024-04-14 01:26:45', '2024-04-14 01:26:45'),
(518, 1, 3, 227, NULL, NULL, '2024-04-14 01:33:45', '2024-04-14 01:33:45'),
(519, 0, 16, 227, 'S', 'null', '2024-04-14 01:33:59', '2024-04-14 01:37:57'),
(520, 0, 20, 227, 'XL', 'bleu', '2024-04-14 01:34:10', '2024-04-14 01:37:57'),
(521, 1, 20, 227, 'M', 'blanc', '2024-04-14 01:34:40', '2024-04-14 01:34:40'),
(522, 0, 19, 227, 'null', 'rouge', '2024-04-14 01:35:01', '2024-04-14 01:37:57'),
(523, 0, 20, 228, 'XL', 'bleu', '2024-04-14 01:36:28', '2024-04-14 01:37:18'),
(525, 0, 20, 229, 'XL', 'jaune', '2024-04-14 01:42:11', '2024-04-14 01:42:29'),
(526, 0, 20, 230, 'XL', 'bleu', '2024-04-14 01:45:01', '2024-04-14 01:45:13'),
(527, 0, 20, 231, 'XL', 'jaune', '2024-04-14 01:49:21', '2024-04-14 01:49:41'),
(528, 0, 20, 232, 'XL', 'jaune', '2024-04-14 01:52:15', '2024-04-14 01:52:27'),
(529, 1, 20, 233, 'S', 'bleu', '2024-04-14 02:00:04', '2024-04-14 02:00:04'),
(531, 0, 20, 234, 'L', 'rouge', '2024-04-14 02:02:12', '2024-04-14 02:02:43'),
(532, 0, 20, 235, 'L', 'noir', '2024-04-14 02:04:54', '2024-04-14 02:05:06'),
(533, 1, 13, 236, NULL, NULL, '2024-04-14 02:11:27', '2024-04-14 02:11:27'),
(534, 0, 15, 237, '34', 'bleu', '2024-04-14 02:17:27', '2024-04-14 02:17:50'),
(535, 1, 9, 238, NULL, NULL, '2024-04-15 20:02:06', '2024-04-15 20:02:06'),
(539, 1, 5, 241, NULL, NULL, '2024-04-15 20:30:45', '2024-04-15 20:30:45'),
(540, 1, 33, 242, NULL, NULL, '2024-04-15 20:33:22', '2024-04-15 20:33:22'),
(541, 1, 10, 242, NULL, NULL, '2024-04-15 20:33:32', '2024-04-15 20:33:32'),
(545, 1, 28, 244, NULL, NULL, '2024-04-15 20:43:06', '2024-04-15 20:43:06'),
(547, 1, 36, 244, NULL, NULL, '2024-04-15 20:55:12', '2024-04-15 20:55:12'),
(549, 1, 12, 245, NULL, NULL, '2024-04-15 21:00:56', '2024-04-15 21:00:56'),
(550, 1, 11, 246, NULL, NULL, '2024-04-15 21:02:02', '2024-04-15 21:02:02'),
(551, 2, 11, 247, NULL, NULL, '2024-04-15 21:10:14', '2024-04-15 21:16:46'),
(553, 1, 3, 249, NULL, NULL, '2024-04-15 21:20:16', '2024-04-15 21:20:16'),
(554, 2, 16, 249, 'M', 'null', '2024-04-15 21:20:34', '2024-04-15 21:20:34'),
(555, 1, 9, 249, NULL, NULL, '2024-04-15 21:20:54', '2024-04-15 21:20:54'),
(557, 1, 20, 249, 'M', 'vert', '2024-04-15 21:22:19', '2024-04-15 21:22:19'),
(558, 0, 16, 250, 'S', 'null', '2024-04-15 21:24:58', '2024-04-15 21:25:11'),
(561, 0, 16, 252, 'XL', 'null', '2024-04-15 21:51:59', '2024-04-15 21:59:45'),
(563, 1, 25, 254, NULL, NULL, '2024-04-17 17:16:00', '2024-04-17 17:16:00'),
(564, 10, 46, 255, NULL, NULL, '2024-04-17 17:22:39', '2024-04-17 17:22:39'),
(565, 1, 22, 256, NULL, NULL, '2024-04-17 17:40:35', '2024-04-17 17:40:35'),
(566, 9, 20, 257, 'M', 'blanc', '2024-04-17 21:03:46', '2024-04-17 21:03:46'),
(567, 5, 10, 258, NULL, NULL, '2024-04-17 21:18:23', '2024-04-17 21:18:23'),
(568, 3, 7, 258, NULL, NULL, '2024-04-18 09:08:43', '2024-04-18 09:08:43'),
(569, 2, 7, 259, NULL, NULL, '2024-04-18 09:09:09', '2024-04-18 09:09:09'),
(570, 1, 7, 162, NULL, NULL, '2024-04-19 09:52:39', '2024-04-19 09:52:39'),
(571, 1, 7, 260, NULL, NULL, '2024-04-19 10:05:49', '2024-04-19 10:05:49'),
(572, 1, 7, 261, NULL, NULL, '2024-04-19 10:18:30', '2024-04-19 10:18:30'),
(573, 1, 7, 262, NULL, NULL, '2024-04-19 10:22:36', '2024-04-19 10:22:36'),
(574, 1, 9, 263, NULL, NULL, '2024-04-19 10:23:27', '2024-04-19 10:23:27'),
(575, 1, 17, 264, NULL, NULL, '2024-04-19 10:24:56', '2024-04-19 10:24:56'),
(576, 1, 14, 265, NULL, NULL, '2024-04-19 13:08:17', '2024-04-19 13:08:17'),
(577, 1, 4, 265, NULL, NULL, '2024-04-19 13:20:16', '2024-04-19 13:20:16'),
(578, 1, 3, 266, NULL, NULL, '2024-04-20 21:11:15', '2024-04-20 21:11:15'),
(579, 2, 3, 267, NULL, NULL, '2024-04-20 21:16:48', '2024-04-20 21:16:48'),
(580, 0, 20, 268, 'XXL', 'blanc', '2024-04-20 21:28:36', '2024-04-20 21:29:32'),
(582, 0, 20, 269, 'S', 'rouge', '2024-04-20 21:34:08', '2024-04-20 21:35:59'),
(583, 2, 20, 270, 'M', 'vert', '2024-04-20 21:36:30', '2024-04-20 21:36:30'),
(584, 0, 20, 271, 'M', 'vert', '2024-04-20 21:38:27', '2024-04-20 21:43:43'),
(585, 0, 20, 272, 'M', 'vert', '2024-04-20 22:04:52', '2024-04-20 22:04:52'),
(586, 1, 20, 272, 'S', 'bleu', '2024-04-20 22:10:06', '2024-04-20 22:10:06'),
(587, 2, 20, 273, 'XL', 'bleu', '2024-04-20 22:11:52', '2024-04-20 22:11:52'),
(588, 2, 20, 273, 'XXL', 'blanc', '2024-04-20 22:12:00', '2024-04-20 22:12:00'),
(589, 1, 20, 274, 'M', 'blanc', '2024-04-20 22:13:46', '2024-04-20 22:13:46'),
(590, 2, 20, 274, 'XXL', 'jaune', '2024-04-20 22:14:00', '2024-04-20 22:14:06'),
(591, 1, 20, 275, 'S', 'bleu', '2024-04-20 22:21:31', '2024-04-20 22:21:31'),
(592, 1, 20, 276, 'S', 'bleu', '2024-04-20 22:23:16', '2024-04-20 22:23:16'),
(593, 1, 3, 277, NULL, NULL, '2024-04-22 20:27:36', '2024-04-22 20:27:36'),
(594, 4, 6, 277, NULL, NULL, '2024-04-22 20:34:42', '2024-04-22 20:46:25'),
(595, 2, 9, 277, NULL, NULL, '2024-04-22 20:57:25', '2024-04-22 21:07:34'),
(596, 5, 7, 277, NULL, NULL, '2024-04-22 21:07:45', '2024-04-23 09:12:00'),
(597, 1, 4, 277, NULL, NULL, '2024-04-23 07:11:35', '2024-04-23 07:11:35'),
(598, 1, 20, 277, 'L', 'rouge', '2024-04-23 07:30:19', '2024-04-23 07:30:19'),
(599, 3, 20, 277, 'S', 'bleu', '2024-04-23 07:45:08', '2024-04-23 08:20:41'),
(600, 1, 9, 278, NULL, NULL, '2024-04-23 09:12:49', '2024-04-23 09:12:49'),
(601, 1, 7, 278, NULL, NULL, '2024-04-23 09:12:58', '2024-04-23 09:12:58'),
(604, 1, 4, 159, NULL, NULL, '2024-04-23 19:10:05', '2024-04-23 19:10:05'),
(605, 1, 4, 175, NULL, NULL, '2024-04-23 19:11:29', '2024-04-23 19:11:29'),
(606, 1, 7, 175, NULL, NULL, '2024-04-23 19:11:37', '2024-04-23 19:11:37'),
(607, 3, 20, 175, 'S', 'bleu', '2024-04-23 19:14:56', '2024-04-23 19:14:56'),
(608, 4, 20, 280, 'L', 'rouge', '2024-04-23 19:15:58', '2024-04-23 19:15:58'),
(609, 2, 19, 281, 'null', 'vert', '2024-04-23 19:16:48', '2024-04-23 19:16:48'),
(610, 3, 19, 281, 'null', 'rouge', '2024-04-23 19:19:02', '2024-04-23 19:19:28'),
(611, 2, 11, 282, NULL, NULL, '2024-04-23 19:34:33', '2024-04-23 19:41:53'),
(612, 1, 6, 283, NULL, NULL, '2024-04-23 19:44:46', '2024-04-23 19:44:46'),
(613, 1, 7, 284, NULL, NULL, '2024-04-23 19:45:53', '2024-04-23 19:45:53'),
(614, 1, 9, 284, NULL, NULL, '2024-04-23 21:16:33', '2024-04-23 21:16:33'),
(615, 1, 3, 290, NULL, NULL, '2024-04-23 21:26:50', '2024-04-23 21:26:50'),
(616, 2, 4, 291, NULL, NULL, '2024-04-24 07:51:29', '2024-04-24 07:51:29'),
(617, 1, 3, 292, NULL, NULL, '2024-04-24 10:18:26', '2024-04-24 10:18:26'),
(618, 1, 37, 293, NULL, NULL, '2024-04-24 13:01:55', '2024-04-24 13:01:55'),
(619, 1, 4, 294, NULL, NULL, '2024-04-24 18:34:31', '2024-04-24 18:34:31'),
(620, 1, 5, 295, 'null', 'bleu', '2024-04-24 18:40:13', '2024-04-24 18:40:13'),
(621, 1, 3, 296, NULL, NULL, '2024-04-24 18:41:55', '2024-04-24 18:41:55'),
(622, 1, 9, 296, NULL, NULL, '2024-04-24 19:31:24', '2024-04-24 19:31:24'),
(623, 1, 7, 297, NULL, NULL, '2024-04-24 19:32:27', '2024-04-24 19:32:27'),
(624, 1, 3, 298, NULL, NULL, '2024-04-24 19:33:37', '2024-04-24 19:33:37'),
(625, 1, 9, 298, NULL, NULL, '2024-04-24 20:39:50', '2024-04-24 20:39:50'),
(627, 1, 4, 300, NULL, NULL, '2024-04-24 21:15:15', '2024-04-24 21:15:15'),
(634, 0, 3, 300, NULL, NULL, '2024-04-25 07:38:33', '2024-04-25 09:06:31'),
(635, 1, 4, 299, NULL, NULL, '2024-04-25 12:00:36', '2024-04-25 12:00:36'),
(636, 0, 10, 299, NULL, NULL, '2024-04-25 12:01:56', '2024-04-25 12:13:27'),
(637, 1, 10, 301, NULL, NULL, '2024-04-25 12:14:30', '2024-04-25 12:16:31'),
(638, 5, 4, 301, NULL, NULL, '2024-04-25 13:59:57', '2024-04-25 14:36:29'),
(639, 1, 4, 302, NULL, NULL, '2024-04-25 14:37:34', '2024-04-25 14:37:34'),
(640, 0, 3, 303, NULL, NULL, '2024-04-25 14:49:58', '2024-04-25 14:50:31'),
(641, 0, 3, 304, NULL, NULL, '2024-04-25 14:54:11', '2024-04-25 14:55:35'),
(643, 10, 4, 305, NULL, NULL, '2024-04-25 15:10:13', '2024-04-25 16:23:37'),
(647, 2, 4, 306, NULL, NULL, '2024-04-27 12:16:06', '2024-05-20 13:49:54'),
(648, 2, 10, 306, NULL, NULL, '2024-04-27 12:16:06', '2024-04-27 12:16:06'),
(649, 1, 9, 306, NULL, NULL, '2024-04-27 12:16:21', '2024-04-27 12:16:21'),
(650, 1, 45, 307, NULL, NULL, '2024-04-27 12:18:02', '2024-04-27 12:18:02'),
(651, 1, 46, 307, NULL, NULL, '2024-04-27 12:18:02', '2024-04-27 12:18:02'),
(652, 2, 5, 307, 'null', 'bleu', '2024-04-27 12:18:02', '2024-04-27 12:18:02'),
(653, 1, 11, 307, NULL, NULL, '2024-04-27 12:18:13', '2024-04-27 12:18:13'),
(654, 0, 9, 308, NULL, NULL, '2024-04-27 12:19:24', '2024-04-27 12:48:27'),
(655, 2, 1, 308, NULL, NULL, '2024-04-27 12:19:24', '2024-04-27 12:19:24'),
(656, 0, 36, 308, NULL, NULL, '2024-04-27 12:20:24', '2024-04-27 12:36:31'),
(657, 1, 38, 308, NULL, NULL, '2024-04-27 12:20:24', '2024-04-27 12:20:24'),
(658, 2, 7, 308, NULL, NULL, '2024-04-27 12:21:25', '2024-04-27 12:21:25'),
(659, 1, 14, 308, NULL, NULL, '2024-04-27 12:21:25', '2024-04-27 12:21:25'),
(660, 1, 12, 309, NULL, NULL, '2024-04-27 13:05:44', '2024-04-27 13:05:44'),
(661, 1, 7, 309, NULL, NULL, '2024-04-27 14:11:32', '2024-04-27 14:11:32'),
(662, 3, 14, 309, NULL, NULL, '2024-04-27 14:11:32', '2024-04-27 14:11:58'),
(663, 10, 4, 295, NULL, NULL, '2024-04-27 15:13:12', '2024-04-27 15:14:07'),
(666, 7, 12, 295, NULL, NULL, '2024-04-27 15:13:38', '2024-05-11 12:19:01'),
(667, 3, 4, 310, NULL, NULL, '2024-04-27 15:18:50', '2024-05-11 18:35:40'),
(668, 3, 6, 310, NULL, NULL, '2024-04-27 15:18:50', '2024-04-27 15:18:50'),
(669, 0, 12, 310, NULL, NULL, '2024-04-27 15:20:31', '2024-05-11 18:37:39'),
(670, 1, 20, 309, 'S', 'bleu', '2024-04-28 15:53:09', '2024-04-28 15:53:09'),
(675, 1, 6, 311, NULL, NULL, '2024-05-01 07:07:09', '2024-05-01 07:07:09'),
(676, 1, 44, 306, NULL, NULL, '2024-05-01 07:31:43', '2024-05-01 07:31:43'),
(682, 1, 4, 312, NULL, NULL, '2024-05-01 10:20:03', '2024-05-01 10:20:03'),
(683, 3, 4, 313, NULL, NULL, '2024-05-01 10:20:24', '2024-05-01 10:20:33'),
(685, 1, 1, 314, '34', 'null', '2024-05-01 19:36:45', '2024-05-01 19:36:45'),
(686, 1, 14, 315, NULL, NULL, '2024-05-04 15:48:05', '2024-05-04 15:48:05'),
(687, 1, 4, 316, NULL, NULL, '2024-05-06 15:57:21', '2024-05-06 15:57:21'),
(688, 1, 12, 317, NULL, NULL, '2024-05-06 15:59:46', '2024-05-06 15:59:46'),
(689, 1, 12, 318, NULL, NULL, '2024-05-06 16:00:29', '2024-05-06 16:00:29'),
(690, 1, 17, 313, NULL, NULL, '2024-05-06 17:09:46', '2024-05-06 17:09:46'),
(691, 1, 17, 319, NULL, NULL, '2024-05-06 17:10:17', '2024-05-06 17:10:17'),
(692, 1, 16, 320, 'M', 'null', '2024-05-06 17:10:54', '2024-05-06 17:10:54'),
(693, 1, 20, 321, 'S', 'bleu', '2024-05-06 17:11:45', '2024-05-06 17:11:45'),
(694, 1, 28, 322, NULL, NULL, '2024-05-06 17:13:59', '2024-05-06 17:13:59'),
(695, 2, 4, 323, NULL, NULL, '2024-05-06 17:15:54', '2024-05-11 06:45:02'),
(696, 1, 4, 324, NULL, NULL, '2024-05-11 07:47:53', '2024-05-11 07:47:53'),
(699, 2, 1, 325, '36', 'null', '2024-05-11 08:24:29', '2024-05-11 09:43:50'),
(700, 3, 1, 325, 'null', 'vert', '2024-05-11 09:57:47', '2024-05-11 11:04:47'),
(701, 1, 32, 326, NULL, NULL, '2024-05-11 11:07:15', '2024-05-11 11:07:15'),
(702, 2, 32, 327, NULL, NULL, '2024-05-11 11:17:10', '2024-05-11 11:21:03'),
(703, 1, 33, 327, NULL, NULL, '2024-05-11 11:22:24', '2024-05-11 11:22:24'),
(704, 1, 34, 328, NULL, NULL, '2024-05-11 11:23:54', '2024-05-11 11:23:54'),
(709, 1, 4, 329, NULL, NULL, '2024-05-11 11:58:08', '2024-05-11 11:58:08'),
(710, 1, 4, 330, NULL, NULL, '2024-05-11 12:10:21', '2024-05-11 12:10:21'),
(711, 1, 46, 331, NULL, NULL, '2024-05-11 12:14:02', '2024-05-11 12:14:02'),
(712, 1, 4, 332, NULL, NULL, '2024-05-11 12:15:21', '2024-05-11 12:15:21'),
(713, 1, 47, 333, NULL, NULL, '2024-05-11 12:16:00', '2024-05-11 12:16:00'),
(714, 1, 46, 334, NULL, NULL, '2024-05-11 12:17:08', '2024-05-11 12:17:08'),
(715, 1, 4, 335, NULL, NULL, '2024-05-11 12:21:37', '2024-05-11 12:21:37'),
(716, 1, 44, 336, NULL, NULL, '2024-05-11 13:58:04', '2024-05-11 13:58:04'),
(717, 1, 4, 337, NULL, NULL, '2024-05-11 13:59:02', '2024-05-11 13:59:02'),
(718, 1, 5, 338, 'null', 'bleu', '2024-05-11 14:01:00', '2024-05-11 14:01:00'),
(719, 1, 46, 339, NULL, NULL, '2024-05-11 14:02:07', '2024-05-11 14:02:07'),
(720, 1, 37, 340, NULL, NULL, '2024-05-11 14:11:44', '2024-05-11 14:11:44'),
(721, 1, 4, 341, NULL, NULL, '2024-05-11 14:22:37', '2024-05-11 14:22:37'),
(722, 1, 4, 342, NULL, NULL, '2024-05-11 14:26:45', '2024-05-11 14:26:45'),
(723, 1, 4, 343, NULL, NULL, '2024-05-11 14:30:13', '2024-05-11 14:30:13'),
(724, 2, 4, 344, NULL, NULL, '2024-05-11 14:43:49', '2024-05-11 14:49:20'),
(725, 3, 4, 345, NULL, NULL, '2024-05-11 14:53:10', '2024-05-11 14:57:17'),
(726, 1, 4, 346, NULL, NULL, '2024-05-11 15:10:23', '2024-05-11 15:10:23'),
(727, 1, 4, 347, NULL, NULL, '2024-05-11 15:15:18', '2024-05-11 15:15:18'),
(729, 1, 5, 348, 'null', 'bleu', '2024-05-11 19:12:00', '2024-05-11 19:12:00'),
(730, 1, 4, 349, NULL, NULL, '2024-05-11 19:16:28', '2024-05-11 19:16:28'),
(731, 1, 5, 349, 'null', 'bleu', '2024-05-11 19:21:32', '2024-05-11 19:21:32'),
(732, 2, 9, 350, NULL, NULL, '2024-05-11 20:52:37', '2024-05-11 21:03:06'),
(733, 1, 9, 351, NULL, NULL, '2024-05-11 21:03:18', '2024-05-11 21:03:18'),
(734, 1, 4, 352, NULL, NULL, '2024-05-11 21:04:07', '2024-05-11 21:04:07'),
(735, 1, 4, 353, NULL, NULL, '2024-05-11 21:11:25', '2024-05-11 21:11:25'),
(736, 1, 4, 354, NULL, NULL, '2024-05-11 21:14:22', '2024-05-11 21:14:22'),
(737, 1, 4, 355, NULL, NULL, '2024-05-11 21:16:18', '2024-05-11 21:16:18'),
(738, 1, 16, 356, 'L', 'null', '2024-05-11 21:19:21', '2024-05-11 21:19:21'),
(739, 1, 20, 357, 'L', 'rouge', '2024-05-11 21:21:19', '2024-05-11 21:21:19'),
(740, 1, 20, 358, 'XL', 'bleu', '2024-05-11 21:23:39', '2024-05-11 21:23:39'),
(741, 1, 14, 359, NULL, NULL, '2024-05-11 21:26:35', '2024-05-11 21:26:35'),
(742, 1, 13, 360, NULL, NULL, '2024-05-11 21:44:29', '2024-05-11 21:44:29'),
(743, 1, 4, 361, NULL, NULL, '2024-05-11 21:56:03', '2024-05-11 21:56:03'),
(744, 1, 4, 362, NULL, NULL, '2024-05-11 22:02:27', '2024-05-11 22:02:27'),
(745, 1, 4, 363, NULL, NULL, '2024-05-11 22:04:41', '2024-05-11 22:04:41'),
(746, 1, 9, 363, NULL, NULL, '2024-05-11 22:20:55', '2024-05-11 22:20:55'),
(747, 2, 4, 364, NULL, NULL, '2024-05-12 10:29:31', '2024-05-12 10:38:04'),
(748, 3, 21, 364, NULL, NULL, '2024-05-12 10:37:39', '2024-05-12 10:40:07'),
(749, 1, 5, 365, 'null', 'bleu', '2024-05-12 10:42:55', '2024-05-12 10:42:55'),
(750, 5, 4, 365, NULL, NULL, '2024-05-12 11:02:15', '2024-05-12 11:19:51'),
(751, 10, 4, 366, NULL, NULL, '2024-05-12 11:22:43', '2024-05-12 11:55:43'),
(752, 1, 4, 367, NULL, NULL, '2024-05-12 12:06:02', '2024-05-12 12:06:02'),
(753, 1, 5, 367, 'null', 'bleu', '2024-05-12 12:06:58', '2024-05-12 12:06:58'),
(754, 1, 16, 368, 'M', 'null', '2024-05-12 12:15:43', '2024-05-12 12:15:43'),
(755, 1, 20, 368, 'L', 'rouge', '2024-05-12 12:18:33', '2024-05-12 12:18:33'),
(756, 0, 5, 369, 'null', 'bleu', '2024-05-12 12:37:07', '2024-05-12 12:38:51'),
(757, 1, 20, 370, 'XL', 'bleu', '2024-05-12 12:52:02', '2024-05-12 12:52:02'),
(758, 1, 6, 370, NULL, NULL, '2024-05-12 12:53:12', '2024-05-12 12:53:12'),
(759, 1, 20, 371, 'XL', 'bleu', '2024-05-12 12:57:09', '2024-05-12 12:57:09'),
(760, 2, 4, 372, NULL, NULL, '2024-05-12 13:03:31', '2024-05-12 13:04:39'),
(761, 1, 4, 373, NULL, NULL, '2024-05-12 13:28:00', '2024-05-12 13:28:00'),
(762, 1, 4, 374, NULL, NULL, '2024-05-12 13:29:07', '2024-05-12 13:29:07'),
(763, 1, 4, 375, NULL, NULL, '2024-05-12 13:32:26', '2024-05-12 13:32:26'),
(764, 1, 4, 376, NULL, NULL, '2024-05-12 13:33:06', '2024-05-12 13:33:06'),
(765, 1, 4, 377, NULL, NULL, '2024-05-12 14:50:04', '2024-05-12 14:50:04'),
(766, 1, 4, 378, NULL, NULL, '2024-05-12 15:04:36', '2024-05-12 15:04:36'),
(767, 1, 4, 379, NULL, NULL, '2024-05-12 15:08:03', '2024-05-12 15:08:03'),
(768, 1, 4, 380, NULL, NULL, '2024-05-12 15:10:53', '2024-05-12 15:10:53'),
(769, 1, 4, 381, NULL, NULL, '2024-05-12 15:12:41', '2024-05-12 15:12:41'),
(770, 3, 4, 382, NULL, NULL, '2024-05-12 15:12:50', '2024-05-13 12:30:04'),
(771, 1, 4, 383, NULL, NULL, '2024-05-13 10:43:17', '2024-05-13 10:43:17'),
(772, 1, 22, 384, NULL, NULL, '2024-05-13 11:59:12', '2024-05-13 11:59:12'),
(773, 1, 20, 385, 'XL', 'bleu', '2024-05-13 11:59:48', '2024-05-13 11:59:48'),
(774, 1, 4, 386, NULL, NULL, '2024-05-13 12:01:33', '2024-05-13 12:01:33'),
(775, 1, 4, 387, NULL, NULL, '2024-05-13 12:24:23', '2024-05-13 12:24:23'),
(776, 1, 11, 388, NULL, NULL, '2024-05-13 12:39:39', '2024-05-13 12:39:39'),
(777, 2, 20, 389, 'XL', 'bleu', '2024-05-14 18:53:48', '2024-05-14 18:54:02'),
(778, 1, 4, 390, NULL, NULL, '2024-05-14 19:04:57', '2024-05-14 19:04:57'),
(779, 1, 6, 390, NULL, NULL, '2024-05-14 19:04:57', '2024-05-14 19:04:57'),
(780, 1, 20, 391, 'S', 'bleu', '2024-05-14 19:13:17', '2024-05-14 19:13:17'),
(781, 1, 20, 392, 'L', 'rouge', '2024-05-14 19:14:46', '2024-05-14 19:14:46'),
(782, 1, 4, 393, NULL, NULL, '2024-05-15 19:08:06', '2024-05-15 19:08:06'),
(783, 1, 16, 393, 'L', 'null', '2024-05-15 19:08:06', '2024-05-15 19:08:06'),
(784, 1, 4, 394, NULL, NULL, '2024-05-16 13:14:40', '2024-05-16 13:14:40'),
(785, 1, 16, 394, 'L', 'null', '2024-05-16 13:14:40', '2024-05-16 13:14:40'),
(786, 1, 20, 394, 'S', 'rouge', '2024-05-16 13:14:40', '2024-05-16 13:14:40'),
(787, 1, 46, 394, NULL, NULL, '2024-05-16 13:14:40', '2024-05-16 13:14:40'),
(788, 1, 4, 395, NULL, NULL, '2024-05-16 13:15:22', '2024-05-16 13:15:22'),
(789, 2, 58, 393, NULL, NULL, '2024-05-19 09:59:25', '2024-05-19 09:59:25'),
(790, 5, 16, 396, 'L', 'null', '2024-05-19 10:51:12', '2024-05-19 10:51:12'),
(791, 1, 16, 397, 'XXL', 'null', '2024-05-19 10:51:27', '2024-05-19 10:51:27'),
(792, 1, 4, 398, NULL, NULL, '2024-05-24 09:55:44', '2024-05-24 09:55:44'),
(793, 10, 20, 399, 'L', 'rouge', '2024-05-24 10:02:12', '2024-05-24 10:02:12'),
(794, 1, 4, 400, NULL, NULL, '2024-05-26 15:10:34', '2024-05-26 15:10:34'),
(797, 1, 4, 403, NULL, NULL, '2024-05-30 20:14:06', '2024-05-30 20:14:06'),
(798, 1, 4, 402, NULL, NULL, '2024-05-30 20:14:06', '2024-05-30 20:14:06'),
(799, 1, 11, 402, NULL, NULL, '2024-05-30 20:15:24', '2024-05-30 20:15:24'),
(802, 1, 3, 404, NULL, NULL, '2024-06-01 09:34:27', '2024-06-01 09:34:27'),
(806, 4, 3, 405, NULL, NULL, '2024-06-01 09:47:10', '2024-06-02 16:25:25'),
(807, 1, 11, 405, NULL, NULL, '2024-06-01 10:10:28', '2024-06-01 10:10:28'),
(809, 1, 15, 405, '40', 'blanc', '2024-06-01 10:13:21', '2024-06-01 10:13:21'),
(810, 6, 4, 405, NULL, NULL, '2024-06-01 10:20:22', '2024-06-02 16:25:25'),
(811, 1, 35, 405, NULL, NULL, '2024-06-01 10:30:39', '2024-06-01 10:30:39'),
(812, 1, 15, 404, '56', 'jaune', '2024-06-01 17:28:09', '2024-06-01 17:28:09'),
(813, 2, 9, 405, NULL, NULL, '2024-06-01 18:37:13', '2024-06-01 19:09:53'),
(815, 1, 20, 401, 'XL', 'bleu', '2024-06-02 16:06:52', '2024-06-02 16:06:52'),
(816, 2, 20, 401, 'S', 'rouge', '2024-06-02 16:07:11', '2024-06-02 16:07:11'),
(817, 1, 9, 406, NULL, NULL, '2024-06-02 16:09:47', '2024-06-02 16:09:47'),
(818, 1, 20, 407, 'M', 'blanc', '2024-06-02 16:10:38', '2024-06-02 16:10:38'),
(819, 1, 20, 407, 'XXL', 'blanc', '2024-06-02 16:10:45', '2024-06-02 16:10:45'),
(820, 1, 20, 408, 'M', 'blanc', '2024-06-02 16:19:49', '2024-06-02 16:19:49'),
(821, 1, 20, 408, 'XXL', 'blanc', '2024-06-02 16:20:04', '2024-06-02 16:20:04');

-- --------------------------------------------------------

--
-- Structure de la table `migrations`
--

CREATE TABLE `migrations` (
  `id` int UNSIGNED NOT NULL,
  `migration` varchar(255) COLLATE utf8mb4_unicode_ci NOT NULL,
  `batch` int NOT NULL
) ENGINE=InnoDB DEFAULT CHARSET=utf8mb4 COLLATE=utf8mb4_unicode_ci;

--
-- Déchargement des données de la table `migrations`
--

INSERT INTO `migrations` (`id`, `migration`, `batch`) VALUES
(12, '2024_02_07_193946_create_products_table', 3),
(28, '2014_10_12_000000_create_users_table', 4),
(29, '2014_10_12_100000_create_password_reset_tokens_table', 4),
(30, '2014_10_12_100000_create_password_resets_table', 4),
(31, '2019_08_19_000000_create_failed_jobs_table', 4),
(32, '2019_12_14_000001_create_personal_access_tokens_table', 4),
(33, '2024_01_27_155848_create_categories_table', 4),
(34, '2024_02_07_195909_create_products_table', 4),
(35, '2024_02_14_141751_create_reviews_table', 5),
(36, '2024_02_17_120701_create_commandes_table', 6),
(37, '2024_02_17_122025_create_ligne_commandes_table', 6),
(38, '2024_02_17_222746_create_commandes_table', 7),
(39, '2024_02_17_223452_create_ligne_commandes_table', 7),
(40, '2024_02_22_124804_add_is_active', 8),
(41, '2024_03_21_210824_add_purchase_price', 9),
(42, '2024_03_21_223336_add_purchase_price_to_products_table', 10),
(43, '2024_03_21_224534_add_purchase_price_to_products_table', 11),
(44, '2024_03_31_115731_create_size_colors_table', 12),
(46, '2024_04_03_152358_add_qte', 13),
(47, '2024_04_03_152825_add_qte', 13),
(48, '2024_04_03_153439_add_qte', 14),
(49, '2024_04_03_155130_add_qte', 15),
(50, '2024_04_03_155230_add_qte', 16),
(51, '2024_04_03_155715_add__i_d_prduct', 17),
(53, '2024_04_03_155930_add__i_d_product', 18),
(54, '2024_04_10_212751_add_size', 18),
(55, '2024_04_10_212833_add_color', 18),
(64, '2024_04_16_141121_old_price_to_products_table', 19),
(65, '2024_04_16_141305_details_to_products_table', 19),
(66, '2024_04_16_215935_imag_one_to_products_table', 19),
(67, '2024_04_16_215950_imag_two_to_products_table', 19),
(68, '2024_05_02_225127_add_photo', 20),
(69, '2024_05_02_225147_add_phone', 20),
(70, '2024_05_02_225202_add_adress', 20),
(71, '2024_05_02_231442_add_phone', 21),
(72, '2024_05_02_231551_add_phone', 22),
(73, '2024_05_04_114851_add_additional_fields_to_users_table', 23),
(74, '2024_05_04_123436_change_phone_column_in_users_table', 23),
(75, '2024_05_13_122738_add_delivery_phone_to_commandes', 24),
(76, '2024_05_13_122800_add_emaildel', 24),
(77, '2024_05_13_122811_add_delivery_address', 24),
(78, '2024_05_13_122824_add_payment_method', 24);

-- --------------------------------------------------------

--
-- Structure de la table `password_resets`
--

CREATE TABLE `password_resets` (
  `email` varchar(255) COLLATE utf8mb4_unicode_ci NOT NULL,
  `token` varchar(255) COLLATE utf8mb4_unicode_ci NOT NULL,
  `created_at` timestamp NULL DEFAULT NULL
) ENGINE=InnoDB DEFAULT CHARSET=utf8mb4 COLLATE=utf8mb4_unicode_ci;

-- --------------------------------------------------------

--
-- Structure de la table `password_reset_tokens`
--

CREATE TABLE `password_reset_tokens` (
  `email` varchar(255) COLLATE utf8mb4_unicode_ci NOT NULL,
  `token` varchar(255) COLLATE utf8mb4_unicode_ci NOT NULL,
  `created_at` timestamp NULL DEFAULT NULL
) ENGINE=InnoDB DEFAULT CHARSET=utf8mb4 COLLATE=utf8mb4_unicode_ci;

--
-- Déchargement des données de la table `password_reset_tokens`
--

INSERT INTO `password_reset_tokens` (`email`, `token`, `created_at`) VALUES
('ayadioussamagc@gmail.com', '$2y$12$x8bAmve0VVAvl5ffFHT5hOj2ECBs2XvdzYmnB4UPY97WbQPyA44pi', '2024-05-14 10:00:09'),
('walid@gmail.com', '$2y$12$DIMPKoghxNo8.nQjnhoi.e54svK0d9loZZ7u7X9zSRS/Ee/07wyWO', '2024-05-01 19:37:19');

-- --------------------------------------------------------

--
-- Structure de la table `personal_access_tokens`
--

CREATE TABLE `personal_access_tokens` (
  `id` bigint UNSIGNED NOT NULL,
  `tokenable_type` varchar(255) COLLATE utf8mb4_unicode_ci NOT NULL,
  `tokenable_id` bigint UNSIGNED NOT NULL,
  `name` varchar(255) COLLATE utf8mb4_unicode_ci NOT NULL,
  `token` varchar(64) COLLATE utf8mb4_unicode_ci NOT NULL,
  `abilities` text COLLATE utf8mb4_unicode_ci,
  `last_used_at` timestamp NULL DEFAULT NULL,
  `expires_at` timestamp NULL DEFAULT NULL,
  `created_at` timestamp NULL DEFAULT NULL,
  `updated_at` timestamp NULL DEFAULT NULL
) ENGINE=InnoDB DEFAULT CHARSET=utf8mb4 COLLATE=utf8mb4_unicode_ci;

-- --------------------------------------------------------

--
-- Structure de la table `products`
--

CREATE TABLE `products` (
  `id` bigint UNSIGNED NOT NULL,
  `name` varchar(255) COLLATE utf8mb4_unicode_ci NOT NULL,
  `description` text COLLATE utf8mb4_unicode_ci NOT NULL,
  `details` text CHARACTER SET utf8mb4 COLLATE utf8mb4_unicode_ci,
  `purchase_price` decimal(8,2) DEFAULT NULL,
  `price` double(8,2) NOT NULL,
  `old_price` double(8,2) DEFAULT NULL,
  `qte` int NOT NULL,
  `photo` varchar(255) COLLATE utf8mb4_unicode_ci NOT NULL,
  `imag_one` varchar(255) CHARACTER SET utf8mb4 COLLATE utf8mb4_unicode_ci DEFAULT NULL,
  `imag_two` varchar(255) CHARACTER SET utf8mb4 COLLATE utf8mb4_unicode_ci DEFAULT NULL,
  `category_id` bigint UNSIGNED NOT NULL,
  `created_at` timestamp NULL DEFAULT NULL,
  `updated_at` timestamp NULL DEFAULT NULL
) ENGINE=InnoDB DEFAULT CHARSET=utf8mb4 COLLATE=utf8mb4_unicode_ci;

--
-- Déchargement des données de la table `products`
--

INSERT INTO `products` (`id`, `name`, `description`, `details`, `purchase_price`, `price`, `old_price`, `qte`, `photo`, `imag_one`, `imag_two`, `category_id`, `created_at`, `updated_at`) VALUES
(1, 'espadrie', 'mode femme blanc en matière cuir', 'ok', 21.00, 154.00, 120.00, 30, '65c93977d0144.jpg', '661fd7b2eaba4.jpg', '661fd7b2eb5b5.jpg', 1, '2024-02-11 20:17:32', '2024-05-19 09:34:12'),
(3, 'Swatch Montre Mixte', 'La montre est la finalité du look; Un allié de chaque jour, Plus qu’un simple instrument de mesure du temps, la montre est un véritable accessoire de mode et un symbole d\'élégance pour tous. Quelle que soit sa forme et son style, cet indispensable intemporel accessoirise une tenue quotidienne et révèle votre style. Un cadeau tout à fait spécial et idéal pour les fêtes, la Saint Valentin, Noël, l\'anniversaire, la remise des diplômes, etc.. Cet montre Originale résiste a l\'eau et la poussière dans les normes européenne.', 'GN414 - Bleu - Garantie 2', 180.00, 212.00, 235.00, 20, '665c5d9876e76.jpg', '665c5d9877b06.jpg', '665c5d987872c.jpg', 3, '2024-02-12 08:13:22', '2024-06-02 10:55:04'),
(4, 'montre classique', 'La montre est la finalité du look; Un allié de chaque jour, plus qu’un simple instrument de mesure du temps, la montre est un véritable accessoire de mode et un symbole d\'élégance pour tous  Quelle que soit sa forme et son style, cet indispensable intemporel accessoirise une tenue quotidienne et révèle votre style.Cette montre pour homme est Tout en acier inoxydable solide avec magnétique verrouillage fermoir', 'Montre Bracelet magnétique fabriqué avec un maillage en acier inoxydable flexible et une conception solide de fermoir magnétique permettant un ajustement personnalisé pour obtenir un ajustement parfait.\r\n Couleur Argent\r\nCadran Blanc \r\nBracelet :  Argent\r\nLargeur du bracelet (mm) : 22\r\nDimensions (mm) :50\r\nCette montre pour homme est tout en acier inoxydable solide treillis métallique avec magnétique verrouillage fermoir\r\nCadeaux parfaits : Adaptée à toutes les occasions.', 58.00, 120.00, 150.00, 6571, '65ca458760f2a.jpg', '665c5fe71fbe4.jpeg', '665c5fe721374.jpeg', 3, '2024-02-12 15:21:27', '2024-06-02 11:05:37'),
(5, 'lunette', 'Les Lunettes sont un accessoire à la mode d\'un type très spécial. Il est inutile de dire qu\'elles doivent protéger de manière fiable vos yeux des éblouissements et des radiations UV nuisibles. Mais elles doivent également être fun à porter. Elles reflètent votre style personnel et votre personnalité et pas uniquement quand le soleil brille !', '- Attribut Optique des Lentilles : Anti-reflet\r\n - Matériau de Cadre : En plastique \r\n- Matériau de Verres : Acrylique\r\n - Hauteur lentille : 49mm\r\n - Largeur lentille : 58mm', 145.00, 180.00, 220.00, 80, '65ca45dcad85d.jpg', '665c637899e92.jpg', '665c63789ad61.jpg', 3, '2024-02-12 15:22:52', '2024-06-02 11:20:08'),
(6, 'casquette', 'Casquette homme hmlHIVE JASON CAP est construit dans un style à 6 panneaux en utilisant 100% de coton biologique, qui est produit avec moins d\'eau et sans produits chimiques nocifs. Cette casquette hummel® présente un logo brodé contrastant sur le devant.', 'Hummel Casquette Homme', 50.00, 60.00, 90.00, 24, '665c65ca2e62a.jpg', '665c65ca2fbe6.jpg', '665c65ca30989.jpg', 1, '2024-02-12 15:23:58', '2024-06-02 11:30:20'),
(7, 'Nike Basket', 'La marque a assuré sa notoriété par un logo simple et rapidement reconnaissable : le Swoosh, une virgule posée à l\'envers et à l\'horizontale ; il a été créé par Carolyn Davidson en 1971 comme une représentation stylisée de l\'aile de la déesse.\r\n\r\nEn 2005, Nike réalise 55 % de ses ventes à l\'étranger6. L\'entreprise est actuellement le plus grand équipementier sportif dans le monde avec un chiffre d\'affaires de 32,4 milliards de dollars, devant Adidas qui fut le leader incontesté pendant 50 ans7.', 'Nike Basket Court Vision Lo Nn - DH2987-001', 300.00, 320.00, 400.00, 500, '665c670229881.jpg', '665c67022b3ea.jpg', '665c67022c527.jpg', 1, '2024-02-12 15:24:53', '2024-06-02 11:35:14'),
(9, 'Pantalon Homme', 'Pantalon Homme-Chino- imprimé- Marine - 810514 H23Vous cherchez un pantalon Chino à la mode et chic à la fois  sans avoir d’idées très arrêtées sur ce que vous souhaitez ou, au contraire, vous savez très bien ce que vous voulez ? ETRE EXCLUSIF est la solution pour toute vos demandes, Notre Boutique vous gâte avec des Nouvelles Collections contenant une vaste gamme de pantalons Chino, parmi les On trouve Ce pantalon homme de Couleur Marine imprimé d\'un micro motif fantaisie, de taille Haute est d\'une très belle fashion Coupe Slim . Ce Pantalon chino ajusté faux uni à 4 poches. Coupe ajustée. Longueur pied. Fermeture boutonnée avec zip. deux poches italiennes devant. deux poches passepoilées à boutons au dos. Motifs micro-pois effet faux-uni. Tissu Oxford. Couture de renfort sur les poches. deux petites pinces au dos. Boutons gravés ton sur ton. Passants pour ceinture.  Pour ceux qui cherchent la mode et le confort en même temps, c\'est la pièce idéale et parfaite pour le travail   Bureautique , ou pour une occasion de fête … grâce a sa composition qui offre assez de confort tout au long de la journée. N\'hésite plus pour le commander.', 'Etre exclusif Pantalon Homme-Chino- imprimé- Marine - 810514 H23', 80.00, 100.00, 170.00, 49, '665c67c0c6107.jpg', '665c67c0c6bc3.jpg', '665c67c0c74af.jpg', 1, '2024-02-12 21:54:31', '2024-06-02 16:09:53'),
(10, 'montre connecté', 'Montre Connectée KAKU KSC-766 - Écran: 1.28\" - Système d’exploitation: Android et iOS - Connectivité: Bluetooth - Batterie: 250 mAh - Matière bracelet: Silicone - Résistant à l\'eau IP68- Le KAKU KSC-766 fournit un suivi sportif : 13 modes d\'exercice, suivi d\'activité de toute la journée, chronomètre, rapport de données sportives - Santé: Prise en charge de la détection de la fréquence cardiaque, du sang détection de pression, détection d\'oxygène dans le sang - Recevez des notifications de Smartphone, réveil, météo, contrôle de la caméra, contrôle de la musique, langue de police complète - Couleur: Noir - Garantie: 1 an', 'PARTAGEZ CE PRODUIT\r\n\r\n\r\nKakusiga Montre Connecté KAKU KSC-766 - NOIR', 190.00, 200.00, 220.00, 30, '65caa1d913bf2.jpg', '665c688a1d385.jpg', '665c688a1e1a2.jpg', 3, '2024-02-12 21:55:21', '2024-06-02 11:41:46'),
(11, 'veste', 'Cette veste est un véritable chef-d\'œuvre de durabilité et de confort. Fabriquée en cuir synthétique, elle est rembourrée pour vous offrir une chaleur et un confort supplémentaires. Conçue pour résister aux rigueurs de la vie quotidienne, elle est robuste, solide et résistante. Contrairement à d\'autres matériaux similaires, cette veste ne se décolle pas, ce qui garantit sa longévité.\r\nLe cuir synthétique utilisé pour cette veste est durable et résistant, tout en conservant une souplesse qui assure une liberté de mouvement optimale. Vous pouvez être sûr que cette veste vous accompagnera pendant de nombreuses années, vieillissant avec vous et devenant une véritable armure pour affronter tous les défis de la vie. Elle est non seulement élégante, mais aussi fonctionnelle, offrant une protection contre les intempéries et une grande polyvalence pour votre style.', 'PARTAGEZ CE PRODUIT\r\n\r\n\r\nVeste cuir rembourrée homme -Noir - Réf : 1588-N', 170.00, 250.00, 360.00, 11, '65caa1fb8fb6b.jpg', '665c694dc9fe5.jpg', '665c694dcab64.jpg', 1, '2024-02-12 21:55:55', '2024-06-02 11:45:01'),
(12, 'Tablette d\'écriture', 'Cette tablette à dessin vous apporte une expérience de vie plus pratique et artistique, est le cadeau parfait pour les enfants.\r\nL\'écran LCD supérieur sensible à la pression 0\r\nvous apporter une meilleure expérience que le dessin sur papier,peut laisser les enfants afficher leur imagination incomparable.\r\nLe graffiti est l\'activité la plus efficace pour le développement du cerveau.', 'Kids Tablets Tablette d\'écriture créative LCD 8.5 Pouces - Jouet éducatif pour Enfant - Rose', 120.00, 180.00, 200.00, 60, '665c6afe4da2c.jpg', '665c6a2b71fbc.jpg', '665c6a2b72975.jpg', 3, '2024-02-12 21:56:49', '2024-06-02 11:52:14'),
(13, 'plaque cuissante', 'Avec une cuisine équipée, on rêve d’appareils électroménagers encastrés. Rien de tel en effet que ces éléments qui s’installent discrètement au sein du plan de travail et du mobilier de la cuisine Contrairement aux modèles pose libre.\r\nLa plaque f.401X Inox 60 CM , contient 4 brûleurs à gaz , une Flamme stabilisée , des Grilles et chapeaux de brûleurs émaillées, une Allumage automatique et des Commandes frontales.\r\nSa Garantie est de de  2 Ans.', 'Focus Plaque - 4 Feux - Inox - F.401X - Garantie 2 ans', 300.00, 320.00, 450.00, 60, '665f568261c88.jpg', '665f56826237d.jpg', '665f5682627b6.jpg', 4, '2024-02-13 07:27:50', '2024-06-04 17:01:38'),
(14, 'machine a laver', 'Le lave-linge frontal ARISTON incarne l\'excellence en matière de performance, d\'efficacité énergétique et de praticité, offrant une solution de lavage haut de gamme pour répondre à tous vos besoins domestiques, tout en vous permettant de réaliser des économies d\'eau et d\'énergie.Avec une capacité généreuse de 8 kg, ce lave-linge vous offre la possibilité de laver de grandes charges de linge en une seule fois, ce qui est parfait pour les familles nombreuses ou pour ceux qui ont une quantité importante de linge à traiter régulièrement.Doté d\'une vitesse de rotation de 1200 tours par minute, ce lave-linge assure un essorage efficace, permettant à votre linge de ressortir plus sec, réduisant ainsi le temps de séchage et vous offrant des résultats impeccables plus rapidement.Classé A+++ en termes d\'efficacité énergétique, ce lave-linge est conçu pour minimiser votre consommation d\'électricité, vous permettant ainsi de réaliser des économies sur vos factures d\'énergie tout en contribuant à la préservation de l\'environnement.Avec 16 programmes de lavage différents, ce lave-linge offre une polyvalence exceptionnelle pour répondre à tous vos besoins de lavage, que ce soit pour les tissus délicats, les vêtements de sport ou les textiles de maison.Le moteur inverter garantit des performances fiables et silencieuses, tandis que l\'affichage numérique facilite la sélection des programmes et le suivi du cycle de lavage.Avec des niveaux sonores de lavage de 54 dB et d\'essorage de 78 dB, ce lave-linge assure un fonctionnement silencieux, vous permettant de vaquer à vos occupations quotidiennes sans être dérangé par le bruit de l\'appareil.Avec des dimensions compactes de 85 x 59,5 x 60 cm et une finition élégante en gris graphite et argent, ce lave-linge s\'intègre harmonieusement dans n\'importe quel espace de vie, ajoutant une touche de style moderne à votre buanderie ou à votre salle de bain.Fabriqué en Pologne avec des normes de qualité strictes, ce lave-linge est conçu pour offrir des performances durables et fiables, et est soutenu par une garantie de 3 ans pour une tranquillité d\'esprit supplémentaire.En résumé, le lave-linge frontal ARISTON combine des performances exceptionnelles, une efficacité énergétique optimale et une praticité inégalée pour vous offrir une expérience de lavage sans effort et des résultats impeccables à chaque utilisation.', 'Ariston Machine A Laver -8KG-1200Tr-16 Prog -Silver- Inverter- NS823CGGMA-Garantie 3Ans', 1000.00, 1200.00, 1320.00, 8, '665f572755838.jpg', '665f572755fb2.jpg', '665f57275653b.jpg', 4, '2024-02-13 07:28:54', '2024-06-04 17:04:23'),
(15, 'pantalon bleu', 'Pantalon de ville - Homme - 8158 E20 - Bleu 65% polyester - 35 % coton Vous cherchez un pantalon de ville sans avoir d’idées très arrêtées sur ce que vous souhaitez ou, au contraire, vous savez très bien ce que vous voulez ? ETRE EXCLUSIF Qui propose une vaste gamme de pantalons de ville sur mesure.Le pantalon de ville homme est le grand classique des tenues élégantes sans trop en faire. Plus habillé qu’un jean ou qu’un chino, le pantalon de ville est la pièce idéale pour une tenue smart casual. Vous pouvez en effet le porter à la maison, au bureau, à des soirées en terrasses ou des dîners en ville, avec une chemise, un polo ou un tee-shirt.', 'Etre exclusif Pantalon de ville - Homme - 8158 E20 - Bleu', 100.00, 118.00, 124.00, 998, '665f57c8368e0.jpg', '665f57c836eec.jpg', '665f57c837294.jpg', 1, '2024-02-18 08:30:58', '2024-06-04 17:07:04'),
(16, 'Doudoune', 'Doudoune bébé imprimé, avec capuche et fermeture éclair\r\n\r\nDoudoune unisexe pour bébé àgé 12 mois.', 'Mdm Doudoune bébé imprimé avec capuche - 12 Mois Jaune', 20.00, 56.00, 60.00, 60, '65d9c3f662c6d.jpg', '665f581458b26.jpg', '665f5814591c9.jpg', 1, '2024-02-24 09:24:54', '2024-06-04 17:09:16'),
(17, 'bonnet', 'Bonnet et Cache cou - Fille - Bleu - 4985 H20 le bonnet thermique et le foulard sont superposés, ce qui permet une meilleure rétention de la chaleur, en tirant de manière élastique pour couvrir les oreilles, le visage et le cou des enfants, tout en les gardant au chaud.', 'Etre exclusif Bonnet et Cache cou - Fille bébé - Bleu - 4985 H20', 40.00, 42.00, 48.00, 62, '65d9c45982b13.jpg', '665f58c50034e.jpg', '665f58c500953.jpg', 1, '2024-02-24 09:26:33', '2024-06-04 17:11:17'),
(18, 'hoco support', 'Support de table HOCO PH34 Fabriqué en ABS, acier au carbone et silicone, le manche est extrêmement durable et résistant aux dommages. La rotation   vous permet d\'ajuster la position de l\'appareil à vos besoins. Support de bureau pliable PH34 Excellente pour téléphones portables et tablettes PC de 4,7 à 13 pouces, pour étude en ligne, bureau, diffusion en direct Matériau : ABS + silicone. Technologie de surface : motif soleil. Tailles : plié 90*125*54mm, déplié 90*125*250mm.Poids : 240gr. compatible avec les téléphones mobiles et les tablettes de 4,7 à 13 pouces. Applicable pour l\'étude en classe en ligne, la réunion de travail, le visionnage de films et de vidéos, la diffusion en direct. Compatibilité super large, conception à double pliage à deux axes, réglage de l\'angle.', 'Hoco Support DESKTOP Ajustable pour Mobile et Tablette PH34 - Blanc', 40.00, 44.00, 50.00, 10, '665f596982c09.jpg', '665f5969836e6.jpg', '665f596983aa2.jpg', 3, '2024-02-24 09:27:37', '2024-06-04 17:14:01'),
(19, 'pullover', 'Pull - Garçon - Marine - 7461 H20 30% LAINE / 70% ACRYLIQURce pull tendance qui vous accompagnera toute la saison automne hiver quelque soit votre style pour bien chauffer votre enfant et résiste contre le froid . il est trop mignon avec une couleur attirent . vous pouvez l\'associer avec des jean et des baskets .c\'est un élément indispensable pour vos petits garçons.                          votre prince est unique avec ce pull adorable à détailles tendance .', 'Pull - Garçon - Marine - 7461 H20', 50.00, 52.00, 60.00, 20, '665f5a3dc5ff1.jpg', '665f5a3dc65c4.jpg', '665f5a3dc6981.jpg', 1, '2024-02-24 09:28:35', '2024-06-04 17:17:33'),
(20, 'veste', 'Notre mission est d\'habiller les gens en fonction de leurs styles et de leurs budgets et les faire se sentir bien sur la base de la mission « Tout le monde mérite d\'être bien habillé ».Et a propos Notre Boutique Être exclusif vous propose ce blouson , unie en Noir Il à  2 poches latérales en bas. Ce produit est fabriqué en tissu 100% polyester et agréable à porter comme un coupe vent, il est déparlant. Pour l’entretien: il se lave en machine avec eau tiède et à l’envers avec les habilles de même couleur, et le repassage est à l’envers avec le mode adapté à sa résistance. Vous pouvez l’associer avec plusieurs choix et styles, il existe en plusieurs coloris et tailles. N\'hésitez pas à le commander.', 'Blouson Homme- Noir - 900020 H24 \"Nouvelle collection \"', 100.00, 160.00, 170.00, 894, '665f6e5f30c93.jpg', '665f6e5f31471.jpg', '665f6e5f31b71.jpg', 1, '2024-02-24 09:29:36', '2024-06-04 18:43:27'),
(21, 'ipad', 'L\'apple iPad 10È Génération dispose d\'un écran Liquid Retina de 10,9 avec une résolution de 2360 x 1640. L\'écran Liquid Retina possède toujours toutes les fonctionnalités que vous attendez, telles que Large gamme de couleurs P3, revêtements oléophobes antireflet et résistants aux traces de doigts, 500 nits de luminosité. L\'écran n\'est pas la seule chose à avoir été améliorée. \r\nL\'apple iPad intègre désormais la puce A14 Bionic, qui offre l\'amélioration des performances dont vous avez besoin pour gérer le montage vidéo 4K, jouer à des jeux immersifs, etc. Il dispose également d\'une capacité de stockage de 64 Go. La puce A14 Bionic offre puissance et performances pour toutes les activités. Montez une vidéo 4K dans iMovie, planifiez des vacances à travers le monde avec des amis ou jouez à un jeu gourmand en graphismes. Avec une autonomie d\'une journée, vous pouvez tout faire sans perdre de temps.\r\n L\'iPad est conçu pour être durable, vous avez donc l\'esprit tranquille en sachant que vous pouvez l\'emporter partout où vous allez. Tourne sous iPadOS 16 qui renforce les performances et la polyvalence de l’iPad avec de nouvelles fonctionnalités de productivité et de collaboration. \r\nLivré avec connecteur USB-C pour la recharge et les accessoires. L’iPad vous offre autonomie d’une journée pour en faire toujours plus3. Avec Wi-Fi6E ultra-rapide et 5G2.\r\n Compatible avec l’Apple Pencil (1ʳᵉ génération)4 et le Magic Keyboard Folio. L\'iPad 10.9 est doté d\'un superbe écran Liquid Retina de 10,9 pouces1 avec TrueTone. Il est équipé d’une appareil photo arrière grand-angle 12Mpx et d\'une caméra avant ultra grand-angle 12Mpx horizontale avec Cadre centré. Profitez de Touch ID pour une authentification sécurisée et ApplePay.', 'Apple IPAD 10,9\" 64 GB - WI-FI + CELLULAR - BLUE - Garantie 12 Mois', 300.00, 320.00, 340.00, 130, '65d9c55c18b5d.jpg', '665f5bacda58a.jpg', '665f5bacda9fe.jpg', 3, '2024-02-24 09:30:52', '2024-06-04 17:23:40'),
(22, 'montre connecté', 'Facile à installer et à utiliser: Le chargeur magnétique est facile à installer et à utiliser.utilisation en toute sécurité: Il est fabriqué en matériau de qualité supérieure, robuste et durable pour une utilisation en toute sécurité. La commodité de l\'alimentation est très appropriée pour une utilisation en intérieur et en extérieur, et elle peut être utilisée dans les gymnases, les bureaux, etc.facilité d\'utilisation: Le connecteur de câble du chargeur a une conception conviviale, qui peut être facilement installé et remplacé sans aucun outil.une efficacité élevée et une facilité d\'utilisation élevées peuvent répondre à vos besoins quotidiens. La commodité de facilité d\'utilisation est notre priorité absolue.plus sûr et stable: La conception du trou de chargement usb est adoptée et la charge peut être rapidement chargée, ce qui le rend plus sûr. Le câble de chargement usb est fait d\'un matériau tressé en fibre métallique, plus sûr et stable.économie d\'énergie: Le câble de charge usb a une économie d\'énergie, une protection contre les surcharges et le courant. Adopter un matériau en silicone de qualité, robuste, durable et économie d\'énergie.sûr et inoffensif: Le connecteur de charge du chargeur usb-c est sûr et inoffensif pour le chargement des téléphones portables, ce qui vous offre une meilleure expérience utilisateur. Le câble de chargement usb a été mis à niveau, sûr et inoffensif, vous pouvez l\'utiliser en toute confiance.hypoallergénique: Le matériau en silicone doux et hypoallergénique assure une charge sûre. La surface en silicone hypoallergénique empêche les bactéries de se développer.câble de charge: Le câble de charge est fabriqué en nylon tressé haute résistance et recouvert d\'un manchon intérieur pour éviter les dommages lors du remplacement de la batterie. Et le câble de charge est en silicone, qui a une bonne flexibilité et durabilité.', 'PARTAGEZ CE PRODUIT\r\n\r\n\r\nGenuine Câble de Charge Magnétique pour Montre Connectée Haylou LS05, RS4, LS12', 100.00, 150.00, 180.00, 6, '665f5c6e41224.jpg', '665f5c6e417ee.jpg', '665f5c6e41b88.jpg', 3, '2024-02-24 09:31:48', '2024-06-04 17:26:54'),
(24, 'Chemise Homme', 'Chemise Homme - Blanc - 830028 E24\r\nL\'habillement est un point très essentiel dans la mise en beauté, il reflète l\'élégance, la charme et surtout l\'épanouissement personnel. Et à cette raison notre boutique Être Exclusif gâte leurs clients avec des Nouvelles collections Été de vêtements pour Hommes. Parmi ces collections, on vous présente cette Tendance Chemise incontournable pour tout amoureux de mode. Elle est de couleur Blanc à coupe ajustée ou semi ajustée : pensée pour s’accorder à toutes les morphologies. Un volume appuyé tout en restant confortable. Ce modèle vous satisfera pleinement. Grâce à sa matière 100 % coton, qui laisse votre peau respirer, vous vous sentirez à l\'aise en l\'habillant. Cette belle chemise est aussi un élément indispensable pour adopter un style élégant et elle n\'est plus perçue comme un vêtement strict et est devenue un véritable atout pour adopter un style classe et Trendy. Un mix entre un jean et une chemise à manches longues homme donne un côté plus Street à votre tenue, surtout si vous portez aux pieds des baskets. Optez pour cette chemise facile à associer avec différents Outfits.', 'Etre exclusif Chemise Homme - Blanc - 830028 E24', 50.00, 74.00, 82.00, 139, '665f76448d53f.jpg', '665f76448dbb3.jpg', '665f76448df98.jpg', 1, '2024-02-24 09:35:53', '2024-06-04 19:17:08'),
(25, 'Qcy Ecouteur', 'Excellente qualité de son (super basse), design sans fil double oreille, séparation du canal d\'oreille gauche et droit. Vous pouvez utiliser le casque seulement, ou les utiliser par paire. BT 5.0 offre une vitesse de transfert de données élevée, une connexion stable et une faible consommation d\'énergie.Le sans fil le plus vrai. Après une configuration simple en un seul geste, les T1C sont automatiquement allumés et toujours connectés. Leur utilisation est tout aussi simple. L\'expérience T1C est tout aussi étonnante, que vous les utilisiez avec votre iPhone ou votre Android.Alimentation intelligente, chargez en cours de route. Restez sous tension où que vous soyez. La mise en marche et l\'arrêt automatiques empêchent la batterie de se décharger grâce à la recharge intelligente dans l\'étui de transport. Ne vous inquiétez pas de l\'autonomie de la batterie, placez simplement vos écouteurs dans l\'étui de transport pour les recharger lors de vos déplacements.', 'Qcy Ecouteur -T1C - Noir', 200.00, 250.00, 280.00, 35, '665f713e8ec4b.jpg', '665f713e8f30a.jpg', '665f713e8f8d8.jpg', 3, '2024-02-24 17:37:06', '2024-06-04 18:55:42'),
(28, 'Doudoune Homme', 'Doudoune Homme avec capuche - ecru - 900022 H24 \"Nouvelle Collection\"Pour combattre le froid d\'hiver, notre mission est d\'habiller les gens en fonction de leurs styles et de leurs budgets et les faire se sentir bien sur la base de la mission « Tout le monde mérite d\'être bien habillé ».Et a propos Notre Boutique Être exclusif vous propose cette Doudoune à capuche de style courte matelassée et de couleur Ecru, cet article contient  un zip pour un système coup vent, elle contient aussi 2 poches une autres latérale passepoilées .Une poche interne aussi, ainsi que sa capuche amovible pour un esprit hivernal où l’enlever pour un look de veste, avec un garnissage en fibre de polyester pour maintenir le chaud. Sa couleur neutre vous permet de l’associer avec plusieurs couleurs, elle existe en plusieurs tailles et pour l’entretien ce modèle se lave à l’envers.N\'hésitez pas à le commander.', 'PARTAGEZ CE PRODUIT\r\n\r\n\r\nEtre exclusif Doudoune Homme avec capuche - Ecru - 900022 H24 \"Nouvelle Collection\"', 50.00, 60.00, 66.00, 7, '665f71f5da160.jpg', '665f71f5da98f.jpg', '665f71f5dae9c.jpg', 1, '2024-02-25 07:14:02', '2024-06-04 18:58:45'),
(29, 'T shirt', 'Le t-shirt \"No Pain No Gain\" est un vêtement de choix pour les personnes passionnées par le fitness et la musculation. Arborant un message puissant, ce t-shirt est un rappel constant que la réussite nécessite des efforts et de la persévérance.\r\n\r\nFabriqué à partir de matériaux de qualité supérieure, ce t-shirt offre un confort optimal pendant l\'entraînement. Avec sa coupe ajustée et ses manches courtes, il met en valeur la silhouette musclée tout en offrant une grande liberté de mouvement.\r\n\r\nLe message \"No Pain No Gain\" est un mantra qui inspire les athlètes à se dépasser et à atteindre leurs objectifs de fitness. Ce t-shirt est le choix parfait pour les personnes qui cherchent à se motiver à chaque séance d\'entraînement, et à se rappeler que chaque douleur et chaque effort est un pas vers la réussite.\r\n\r\nQue vous soyez un athlète professionnel ou un amateur passionné de fitness, le t-shirt \"No Pain No Gain\" est un choix de vêtement incontournable pour vous aider à atteindre vos objectifs de fitness. Avec son design élégant et son message inspirant, ce t-shirt vous accompagnera à chaque étape de votre parcours de fitness.', 'Griffin store T-shirt - No pain no gain - Gris', 50.00, 56.00, 60.00, 71, '665f7295df3cc.jpg', '665f7295dfc1b.jpg', '665f7295e0148.jpg', 1, '2024-03-06 12:13:48', '2024-06-04 19:01:25'),
(31, 'Vega Téléviseur', 'Ecran 32” \r\n Résolution d’affichage 1366*768\r\n Brillance 180cd/m2 \r\n Contraste 3000:1\r\n Garantie 3 Ans\r\n Aspect Ratio 16:9\r\n Maximum Colors 16.7M\r\n Response time 8.5ms\r\n Port USB  x 1\r\n Ports HDMI x 3\r\n AV Input &R,L\r\n Connecteur Coaxial x 1\r\n Entrée RF', 'Vega Téléviseur 32\" LED HD - Garantie 3 Ans', 220.00, 250.00, 300.00, 120, '65e8d610db6d1.jpg', '665f72f3500b8.jpg', '665f72f3507be.jpg', 5, '2024-03-06 19:46:08', '2024-06-04 19:03:25'),
(32, 'Biolux LED TV 32\'\'', 'Vivez l’expérience du cinéma à la maison et profitez d’une immersion totale dans vos films préférés sans quitter votre canapé avec le téléviseur LED.\r\n\r\nNotre télévision BIOLUX qui vous offre une qualité d’image extra ordinaire, une luminosité exceptionnelle et une qualité de son impeccable.\r\n\r\nPour les amateurs du septième art, optez pour cette télé qui marque un tournant dans l’expérience TV grâce à ses multiples attributs :\r\n\r\nPorts USB et HDMI Cette télévision vous offre la flexibilité de projeter vos contenus audio et vidéos (de votre ordinateur et autres appareils compatibles) pour les lire ; il vous suffit de brancher votre clé de mémoire USB ou HDMI au téléviseur pour profiter instantanément et pleinement de vos films, de vos photos ou de votre musique.\r\n\r\nLed : La technologie LED offre aux amateurs de détails, une qualité d\'image élevée en apportant à chaque scène la satisfaction d’images cristallines. De plus, elle permet de diminuer la consommation d\'énergie et de proposer un design : fin.\r\n\r\nDesign épuré : Avec son design épuré, cette télé s\'intègre parfaitement à votre intérieur grâce à ses bords fins et son dos raffiné.', 'Biolux LED TV 32\'\' - HD - Récepteur intégré - Noir - Garantie 3 ans', 800.00, 988.00, 1020.00, 90, '65e8d6a3a55fd.jpg', '665f737760431.jpg', '665f737760bae.jpg', 5, '2024-03-06 19:48:35', '2024-06-04 19:05:11'),
(33, 'TCL TV 43\" LED Smart', 'Taille de l\'écran : 43\'\'\r\nRésolution : 1920 x 1080\r\nRécepteur intégré : oui\r\nDesign Fin : conception métallique sans bordure\r\nFréquence de rafraîchissement : 60hz\r\nHDR : 2K HDR10 Decoding\r\nECO efficacité énergétique : oui\r\nApplication : Google Play Store ,Netflix,Youtube, Google Play Games\r\nGoogle Play Movies & TV,Chromecast ,Google Assistant , Recherche voix.\"\r\nLuminosité : 240 Typ\r\nWifi : oui\r\nBluetooth 5.0\r\nTélécommande : RC902v\r\nRapport de contraste : 4000\r\nTemps de réponse : 9,5 Typ\r\nHDMI : 2\r\nUSB : 1\r\nRAM/Stockage : 1GB + 8GB\r\nDolby Audio : Oui (MS12Y)\r\nMicro dimming : 2304 zones\r\nDimensions avec support : 967 x 621 x 229 mm\r\nDimensions sans support : 967 x 568 x 86 mm', 'TCL TV 43\" LED Smart - 43S5400 ANDROID - Noir - Garantie 2 ans', 900.00, 975.00, 1020.00, 196, '65e8d749e3adb.jpg', '665f73d2ee188.jpg', '665f73d2eea53.jpg', 5, '2024-03-06 19:51:21', '2024-06-04 19:06:42'),
(34, 'Samsung TV Crystal', 'PRINCIPALES CARACTÉRISTIQUES\r\nTéléviseur SAMSUNG 50\" UHD  SMART TV \r\n\r\nRésolution: 4K UHD (3840 x 2160 Pixels) \r\n\r\nAlimentation: AC220-240V 50/60Hz \r\n\r\nType de haut-parleur : 2CH \r\n\r\nConnectivitéa : WIFI \r\n\r\nConnecteur:  2x HDMI, 1x USB, 1x Ethernet RJ45 \r\n\r\nGarantie : 2 ans(La garantie n\'inclut pas l\'afficheur)', 'Samsung TV Crystal UHD 50 Serie 7 Avec Barre De Son Cadeaux', 1500.00, 1675.00, 1740.00, 116, '65e8d7fe24ec4.jpg', '665f7428e4748.jpg', '665f7428e5024.jpg', 5, '2024-03-06 19:54:22', '2024-06-04 19:08:08'),
(35, 'Samsung Tv 55', 'Crystal UHD 55 pouces cu7000  Crystal DisplayPlongez-vous dans l\'image avec un spectre de couleurs plus large. Crystal Display propose des nuances réalistes qui permettent de distinguer même les plus petits détails.Crystal Processor 4K Découvrez des images vives et étincelantes pourvues de couleurs riches grâce à une puce spéciale qui optimise la reproduction des couleurs et les rapports de contraste et qui contrôle le HDR. Boundless Design (3 côtés)Une conception nette et élégante pour une image infiniment pure.   Un design sans limites qui établit une nouvelle norme, conçu avec un cadre fin qui met l\'image en valeur. Une télévision toujours élégante, sur son support comme sur le mur. Résolution 4KLa TV 4K UHD va au-delà du FHD ordinaire et affiche 4x plus de pixels, offrant à vos yeux les images nettes et claires qu\'ils méritent. Vivez chaque scène comme si vous y étiez vraiment.HDR High Dynamic Range élargit la gamme d\'éclairage de votre télévision, vous permettant ainsi de profiter d\'un immense spectre de couleurs et de détails, même dans les scènes les plus sombres.   Game Enhancer Jouez à une vitesse optimale avec Real Game Enhancer. L\'image sur votre écran est optimisée pour que vous ayez plus de contrôle et que la latence d\'entrée soit à peine perceptible. Profitez d\'un jeu d\'une fluidité inégalée, sans vibration ni images floues liées au mouvement.Clean cable solution Samsung Crystal UHD offre une solution pratique pour ranger soigneusement tous vos câbles TV hors de vue, directement dans son support. Vous maintenez ainsi votre intérieur bien ordonné et profitez pleinement du magnifique design de votre télévision. Avec AirPlay 2 intégré, diffusez le contenu de vos appareils Apple sur grand écran. Vous pouvez dès lors facilement lire des vidéos, de la musique, des photos et plus encore sur votre télévision Samsung UHD à partir de votre iPhone, iPad et Mac.    Smart TV avec WiFi intégré, lecteur multimédia USB / services de streaming pris en charge: Netflix, YouTube, TV en direct, Prime Video, Google Play, multimédia local et mise en miroir vidéo sur écran, etc. TV Crystal UHD 50\" - Serie 7 - TU7000   A partir de votre feuilleton préféré au grand jeu, profitez d\'une image claire hd. Chaque image est grâce à la technologie wide color enhancer dynamique et lumineux. Numérique clean view améliore votre contenu, peu importe la qualité. En analysant le signal d\'entrée et supprimant le bruit détecté à partir de la charge, il permet une image nette et claire.   Plongez dans des images aux couleurs éclatantes et des détails exceptionnels avec ce téléviseur  ,garantissent une qualité d\'image optimale et une netteté maximale , ce qui le rend idéal pour jouer à des jeux. Sa fréquence de rafraîchissement améliorée garantit une expérience de jeu plus intense ,ce téléviseur se distingue par son menu intuitif pour que vous puissiez facilement sélectionner vos contenus en appuyant sur un bouton. Les haut-parleurs  de ce téléviseur   garantissent une clarté sonore maximale et des basses très intenses. Super expérience visuelle AVEC Qualité audio  intégré, l\'audio  offre une qualité riche et claire. Nos  TV   vous aider à mieux dormir,', 'Samsung Tv 55 cu7000 + tv 32 + deux support + box android', 2100.00, 2199.00, 2200.00, 90, '65e8d8b965e23.jpg', '665f74d93ab44.jpg', '665f74d93b11a.jpg', 5, '2024-03-06 19:57:29', '2024-06-04 19:11:05'),
(36, 'Hoco Enceinte Audio - Sport HC10 - Noir', 'Type d\'article: haut-parleur Bluetooth\r\nMatériel: ABS\r\nSortie nominale: 5W x 2\r\nBluetooth: 5.1 HFP/HSP/A2DP/AVPCP\r\nGamme de fréquence: 20HZ-20KHZ\r\nSnr: -75db à-95db\r\nTemps de charge: environ 2.5h\r\nTemps de jeu: environ 2h\r\nFonction: Bluetooth/FM/carte mémoire/Aux\r\nBatterie au Lithium polymère intégrée: 800mAh\r\nEffet d\'éclairage: lumière éblouissante colorée, rouge Orange jaune vert bleu violet', 'Haut-parleur Bluetooth Portable, lumières rvb, haut-parleur sans fil', 130.00, 140.00, 150.00, 100, '665f75811c414.jpg', '665f75811cb2e.jpg', '665f75811cfee.jpg', 5, '2024-03-06 19:59:02', '2024-06-04 19:13:53'),
(37, 'Hoco Speaker', 'Haut Parleur sans fil « BS47» portable Sport\r\n La technologie fonctionne avec une large gamme d’appareils mobiles, y compris les smartphones Apple iPhone et Android. Les écouteurs sans fil de rue désignent des écouteurs Bluetooth ou des IEM qui n’ont ni cordons ni fils entre eux ni à une source audio (smartphones, lecteurs MP3, tablette, etc.).\r\nLeur principe est simple : via la fonction Bluetooth de votre téléphone portable, vous synchroniser l’audio de l’appareil sur l’enceinte.\r\nRapprochez l’enceinte du routeur sans fil. Placez en position verticale l’antenne Wi-Fi située à l’arrière. Repérez le SSID (le nom du réseau sans fil) et la clé de cryptage (WEP ou WPA), requis pour configurer un réseau Wi-Fi. La clé de cryptage limite l’accès aux périphériques du réseau.\r\nIl faut auparavant procéder à l’appariement, en détectant les périphériques Bluetooth à votre portée.\r\nL’énergie mécanique comprime l’air et convertit le mouvement en énergie sonore ou en niveau de pression acoustique (NPA). Le son se déplace dans des ondes de pression. Plus la pression de l’air change rapidement, plus la bobine mobile bouge rapidement, plus la “fréquence” du son que nous entendons est élevée.\r\nIl vous suffit de voir quel port USB est sur votre enceinte (cela peut être de l’USB 2.0, 3.0 ou de l’USB type C) et d’acheter un câble en commerce.', 'Hoco Speaker Bluetooth BS47 - Haut parleur - Hoco -Noi', 90.00, 96.00, 100.00, 78, '65e8d968880bb.jpg', '665f69fd2b7ac.jpg', '665f69fd2bce2.jpg', 5, '2024-03-06 20:00:24', '2024-06-04 18:24:45'),
(38, 'Chromacast 4K', 'Après avoir activé la fonction Miracast dans le menu de réglage du téléviseur ou du vidéoprojecteur, il suffit d\'ouvrir le menu réglage du smartphone ou de la tablette, de se rendre dans la rubrique Écran (Display) puis Écran sans fil (Wireless Display) et d\'activer la fonction.\r\n\r\nLa technologie Miracast s\'appuie sur la transmission sans fil WiFi Direct qui permet à deux appareils de communiquer directement entre eux pour partager des données via leur connexion WiFi, sans utiliser de routeur comme point d\'accès intermédiaire.', 'Chromacast 4K Miracast Chromecast TV streaming device', 40.00, 49.00, 52.00, 92, '65e8d9f28084a.jpg', '665f6a517559a.jpg', '665f6a5175caa.jpg', 5, '2024-03-06 20:02:42', '2024-06-04 18:26:09'),
(39, 'TV Box Android', 'X96Q 4k est une Box TV Android 10.0 2GO RAM 16GO ROM qui transforme Votre TV en Smart TV 4K avec un Processeur All   Winner H313 Quad-core Arm Cortex-A53 à 1,35 GHz, Multimedia WiFi 2.4G, vous pouvez votre écran de Téléphone sur Votre TV avec l\'option Screen Mirroring cast, la X96Q TV BOX dispose d\'une interface USB 2.0 haute vitesse . Il peut transférer des fichiers à la vitesse spécifiée par le périphérique de stockage et optimiser le périphérique pour réduire la consommation d\'énergie.   Boîtier TV intelligent 4K X96Q Android 10.0 X96Q Android TV Box est un lecteur multimédia intelligent et pratique pour la maison. Android 10.0 vous donne la possibilité d\'exécuter pratiquement n\'importe quelle application Android sur votre téléviseur. Le puissant processeur Allwinner H313 Quad Core ARM Cortex A53 avec la puce graphique Penta core Mali-G31 offre des performances exceptionnelles pour la lecture vidéo haute définition. vous pouvez profiter librement de tous vos films, émissions culinaires et programmes de divertissement préférés. Cela vous apportera beaucoup de plaisir et de commodité !   Caractéristiques principales du boîtier TV Android X96Q :Système d\'exploitation Android 10.0 et Allwinner H313 Il est livré avec le système d\'exploitation Android 10.0, alimenté par le processeur quadricœur Allwinner H313 hautes performances, comprenant un GPU Mali-G31.1 Go/2 Go de RAM + 8 Go/16 Go de ROM  offrent suffisamment d\'espace pour faire fonctionner rapidement l\'appareil. Prend en charge la lecture de cartes TF jusqu\'à 64 Go, il améliore également considérablement la fiabilité de votre boîtier TV.       HEVC H.265 et VP9 Le décodage matériel H.265 et VP9 peut économiser 50 % des ressources de bande passante, vous permettant de regarder le film 4K en douceur.', 'Allwinner TV Box Android 10 X96Q 2Go 16Go 4K H313 Android', 100.00, 105.00, 120.00, 199, '665f6aba28c8f.jpg', '665f6aba292d4.jpg', '665f6aba296ea.jpg', 5, '2024-03-06 20:04:03', '2024-06-04 18:27:54'),
(40, 'Box Android', 'La box Android T9 est un appareil électronique qui fonctionne sous le système d\'exploitation Android. Elle est équipée d\'un processeur puissant qui permet de lire des vidéos en haute résolution, des jeux et d\'autres applications. Elle dispose également d\'une mémoire RAM et d\'un espace de stockage interne pour stocker vos fichiers et applications préférés. La T9 est compatible avec plusieurs types de connexion, notamment le Wi-Fi, le Bluetooth et les ports Ethernet. Elle dispose également de plusieurs ports USB pour connecter des périphériques externes tels que des claviers, des souris et des disques durs. La T9 est livrée avec une télécommande qui permet de naviguer facilement dans les menus et les applications. Elle peut également être contrôlée à distance via une application mobile compatible. La box Android T9 est idéale pour regarder des vidéos en streaming, jouer à des jeux vidéo, naviguer sur Internet et exécuter des applications Android sur votre téléviseur.', 'PARTAGEZ CE PRODUIT\r\n\r\n\r\nBox Android 4K - T9 - Noir - 4GB/32GB', 269.00, 280.00, 290.00, 20, '665f6bba4d003.jpg', '665f6bba4d92b.jpg', '665f6bba4de89.jpg', 5, '2024-03-06 20:06:22', '2024-06-04 18:32:10'),
(41, 'Récepteur HD', 'Le récepteur SAMSAT HD1600 SUPER offre une expérience de divertissement immersive avec ses spécifications principales :\r\n\r\nRésolution : Profitez d\'une qualité d\'image nette et détaillée en Full HD 1080p pour une expérience visuelle optimale.\r\nConnectivité sans fil : Accédez facilement à Internet et au contenu en ligne via Wi-Fi et 3G.\r\nPrise en charge du codage vidéo H.265 : Compression efficace sans compromettre la qualité avec MultiScreen H265.\r\nApplications intégrées : Accédez à YouTube et aux services de vidéo à la demande (VOD) pour regarder vos émissions et films préférés.\r\nConnecteurs : Connectez-vous facilement à votre téléviseur ou à d\'autres périphériques HDMI grâce à 1x HDMI et connectez des périphériques externes via 2x USB 2.0.', 'Récepteur HD1600 SUPER - Garantie 1an - SAMSAT', 200.00, 259.00, 287.00, 60, '665f6c40ac96b.jpg', '665f6c40ad1c9.jpg', '665f6c40ad709.jpg', 5, '2024-03-06 20:07:30', '2024-06-04 18:34:24'),
(42, 'Android tv box', '[Android 11 : X98 mini est équipé du dernier système d\'exploitation Android 11.0, qui est compatible avec la plupart des applications Android, il fonctionne en douceur, améliore considérablement les performances et la convivialité, le fonctionnement est plus stable et peut offrir une meilleure expérience d’utilisateur.u afin que vous puissiez naviguer facilement et profiter pleinement de vos fantastiques technoloisirs.\r\n[2.4G / 5.0G Dual WiFi & USB 2.0]: Équipé de Wi-Fi 2,4GHz à l’intérieur, il prend en charge le LAN (10/100M), la connexion est plus pratique et le signal WIFI est plus stable, vous pouvez profiter d\'une meilleure expérience vidéo. Deux ports USB 2.0 permettent le boîtier de relier à votre souris et votre clavier, pour rendre votre opération plus facile.\r\n[Image de haute définition]: Prend en charge la résolution 4K Ultra HD et les films 3D，peut fournir des capacités professionnelles de traitement d\'image, vous pouvez profiter de la vidéo à ultra haute définition 4K H.265 à la maison.La TV Box Android prend en charge le papier peint personnalisé vous permet de choisir ce que vous aimez.\r\n[Mémoire de grande capacité]: Le boîtier TV a une grande capacité de 2 Go RAM& 16 Go ROM, qui peut exécuter plusieurs tâches en même temps sans geler ni mettre en mémoire tampon le système. Il vous offre une excellente expérience de divertissement à domicile.\r\n[Chipset S905W2]: Adoptez la puce Amlogic S905W2, avec une stabilité élevée et une vitesse de traitement rapide, offrant une sortie de base puissante pour le boîtier TV.\r\nSi vous avez des questions sur la télécommande du boîtier TV/l\'adaptateur secteur/la mise à jour apk, etc., veuillez nous contacter à temps via la lettre interne d\'Amazon, et nous vous fournirons une solution dans les 24 heures.', 'X mini X98 mini 4Go/64Go Android tv box', 200.00, 269.00, 280.00, 139, '665f6c92d9b7d.jpg', '665f6c92da243.jpg', '665f6c92da68f.jpg', 5, '2024-03-06 20:09:48', '2024-06-04 18:35:46'),
(44, 'Récepteur TV - Wifi', 'Récepteur Dongle TV AnyCast M4 Plus – Connectivité Sans Fil:  802.11b / g / n Décodeur Vidéo: HD 1080p Il vous aidera à connecter votre iPhone, votre téléphone Androide, votre téléphone Windows, votre ordinateur portable, votre tablette, votre iPad L’adaptateur réseau sans fil HDMI à gain élevé vous permet de connecter votre ordinateur portable ou votre ordinateur de bureau à n’importe quel réseau sans fil N de votre domicile ou de votre bureau Conneteurs: 1 x HDMI 1.4, 1 x Micro USB', 'Anycast M4 PLUS - Récepteur TV - Wifi', 40.00, 49.00, 52.00, 18, '65e8dc3507fc3.jpg', '665f6cfaf2391.jpg', '665f6cfaf2b87.jpg', 5, '2024-03-06 20:12:21', '2024-06-04 18:37:30'),
(45, 'Poste Radio Citreen C Elysee', 'Poste Radio Android Peugeot 301 Citroen c elysee Tactile Audio Video BT WIFI GPS Système d\'exploitation: Android 10 : 1 Go 16 Go ROM Résolution: 1920 x 1080. Écran tactile capacitif IPS Prise en charge: WIFI, Bluetooth Processeur: Quad Core A7 / 1,3 GHz x 4 Fonction:Navigation GPS + Bluetooth + Adaptateur de microphone + Radio FM + Fonction DVR USB + Fonction Europe DAB + Lecture Video 1080P + HD 1024 * 600 + Bouton lumineux modifiable\r\nRemarque:Il est communément appelé lecteur DVD de voiture, mais il ne peut pas lire les disques DVD. Il peut se connecter à un lecteur DVD externe via USB.Système d\'exploitation: Android 10 : 1 Go 16 Go ROM Résolution: 1920x1080. Écran tactile capacitif IPSPrise en charge: WIFI, Bluetooth Processeur: Quad Core A7 / 1,3 GHz x 4Fonction: Navigation GPS + Bluetooth + Adaptateur de microphone + Radio FM + Fonction DVR USB + Fonction Europe DAB + Lecture Video 1080P + HD 1024 * 600 + Bouton lumineux modifiable\r\nRemarque:Il est communément appelé lecteur DVD de voiture, mais il ne peut pas lire les disques DVD. Il peut se connecter à un lecteur DVD externe via USB.', 'Poste Radio Android Tactile P 301 Citreen C Elysee', 1000.00, 1070.00, 1100.00, 25, '65e8dce93b93a.jpg', '665f6d52e40bc.jpg', '665f6d52e4837.jpg', 5, '2024-03-06 20:15:21', '2024-06-04 18:38:58'),
(46, 'Puma Chaussure', 'La chaussure dynamique ULTRA 4.4 IT permet de distancer la concurrence. Conçue pour la vitesse et l’agilité, cette chaussure comporte une tige synthétique légère mais durable fusionnée à une semelle extérieure en caoutchouc non marquant pour une accélération inégalée sur toutes les surfaces intérieures. Elles sont également proposées à un prix exceptionnel.', 'Puma Chaussure de foot ULTRA 4.4 IT enfant et adolescent 106735-01 Gris', 120.00, 130.00, 140.00, 80, '665f6ddf40868.jpg', '665f6ddf40ee6.jpg', '665f6ddf41489.jpg', 6, '2024-03-09 16:39:27', '2024-06-04 18:41:19'),
(47, 'veste homme bleu', 'Notre mission est d\'habiller les gens en fonction de leurs styles et de leurs budgets et les faire se sentir bien sur la base de la mission « Tout le monde mérite d\'être bien habillé ».Et a propos Notre Boutique Être exclusif vous propose ce blouson , unie en Bleu Il à  2 poches latérales en bas. Ce produit est fabriqué en tissu 100% polyester et agréable à porter comme un coupe vent, il est déparlant. Pour l’entretien: il se lave en machine avec eau tiède et à l’envers avec les habilles de même couleur, et le repassage est à l’envers avec le mode adapté à sa résistance. Vous pouvez l’associer avec plusieurs choix et styles, il existe en plusieurs coloris et tailles. N\'hésitez pas à le commander.', 'PARTAGEZ CE PRODUIT\r\n\r\n\r\nEtre exclusif Blouson Homme- Bleu - 900020 H24 \"Nouvelle collection \"', 104.00, 120.00, 150.00, 249, '665f6f1666fa8.jpg', '665f6f1667765.jpg', '665f6f1667c0e.jpg', 1, '2024-03-21 22:11:16', '2024-06-04 18:46:30'),
(58, 'Portefeuille', 'Le porte cartes est la version moderne des portefeuilles classiques. Il est assez fin pour les poches des sacs ou se glisser parfaitement dans toutes les poches. \r\n\r\nGrâce à la coupe généreuse de son cuir, il peut abriter au moins seize cartes supplémentaires, des billets et des cartes de visite.\r\n\r\nLe mécanisme breveté vous permet d’éjecter vos cartes d’un geste simple, et de les utiliser aussitôt. L’aluminium en plus de la protection RFID il évite aussi que vos cartes se plient ou se cassent et empêche tout détournement de données, Finition Métallisée lui donne un effet brillant', 'Peut être utilisé pour contenir des cartes de visite, des cartes de crédit, des pièces de monnaie et d\'autres petites choses\r\n\r\n                                                                            Se range confortablement dans votre poche, votre sac à main ou votre sac\r\n\r\nCe porte-carte d\'identité est idéal pour offrir des cadeaux\r\nsimili cuir\r\n\r\nGardez vos cartes propres et propres et look professionnel', 28.00, 35.00, 45.00, 60, '6649db36ba702.jpg', '6649db36baef2.jpg', '6649db36bb537.jpg', 3, '2024-05-19 09:57:58', '2024-05-19 10:44:21'),
(59, 'PC Gamer', 'C Gamer / Ordinateur Gaming (Unité Centrale) -  ASUS ROG STRIX - Intel i5 11è 11400F - Nvidia GTX 1660 TI 6G - 16 Go DDR4 - 512 SSD NVMe - Win 11 - Gris - Garantie 1 an - Souris & Claviers Asus Inclus (G10CE-51140F232W) \r\n \r\n\r\nLA PUISSANCE STRIX POUR TOUS\r\n\r\nLe PC Gamer ASUS ROG Strix G10CE allie puissance et élégance au service du divertissement numérique. Avec un processeur Intel Core i5 11400F, un SSD M.2 NVMe de 512 Go une carte graphique NVIDIA GeForce GTX 1660 Ti, le PC Gamer ASUS ROG STRIX G10CE-51140F232W vous offre la puissance et la vitesse dont vous avez besoin pour jouer dans d\'excellentes conditions.\r\n\r\n \r\n\r\nFORCE ET ÉLÉGANCE\r\n\r\nLe châssis au design unique arbore des lignes épurées et aiguisées ainsi que des finitions aux accents futuristes. Bien que présentant un format compact de tout juste 27 litres, le Strix G10CE renferme en son cœur tous les composants essentiels à une expérience gaming réussie. En outre, il occupe un minimum d\'espace sur votre espace de travail !\r\nPERFORMANCES DE JEU À PRIX OPTIMISÉ\r\n\r\nLe PC Gamer ASUS ROG Strix G10CE intègre un processeur Intel Core i5 11400F ainsi qu\'une carte graphique NVIDIA GeForce GTX 1660 Ti. Ce GPU met à votre disposition les performances graphiques révolutionnaires de l\'architecture NVIDIA Ampère. Ce PC Gamer est également équipé d\'un SSD PCIexpress M.2 de 512 Go pour des jeux ultra-rapides et des temps de chargement raccourcis.\r\n \r\n\r\nECLAIRAGE AURA SYNC PERSONNALISABLE\r\n\r\nSélectionnez vos effets lumineux préférés à partir d\'un large choix de couleurs. Synchronisez facilement votre éclairage avec les périphériques compatibles Aura Sync (souris, claviers, casques, etc.) afin de donner à votre setup un look homogène qui reflète au mieux votre style !  \r\nProcesseur : Intel Core i5-11400F, up to 4.4 Ghz, 12 Mo de mémoire cache, 6 cœurs\r\nMémoire : 16 Go DDR4 3200 Mhz\r\nDisque : 512 Go SSD NVMe M.2\r\nCarte graphique : Nvidia GeForce GTX 1660 Ti, 6 Go de mémoire dédiée GDDR6\r\nConnectivité : Wifi - Bluetooth - 4x USB 3.2 Gen 1 - 2x USB 3.2 Gen 2 - VGA - DVI-D - HDMI - RJ45\r\nCompatible ASUS Aura Sync\r\nSystème d\'exploitation : Windows 11\r\nClavier ASUS + Souris ASUS Inclus\r\nCouleur : Gris\r\nGarantie : 1 an', 'Asus PC Gamer - ROG STRIX - I5 11è - GTX 1660TI 6G- 16 Go- 512SSD - Win11', 2000.00, 2449.00, 2650.00, 89, '665f5dd59d3cc.jpg', '665f5dd59d8d2.jpg', '665f5dd59dc60.jpg', 7, '2024-06-04 17:32:53', '2024-06-04 17:32:53'),
(60, 'PC Portable', 'Des performances sur mesure\r\nL’IdeaPad 3 (15\",N4020) est un portable d’entrée de gamme suffisamment puissant pour répondre à toutes vos attentes. Un processeur mobile jusqu’à  INTEL N4020 et un circuit graphique indépendant INTEL N4020™ facilitent le multitâche, boostent la vitesse de ses performances et offrent une expérience de divertissement exceptionnelle. Sa conception bien pensée, avec des détails tels que le cache physique de sécurité intégré à la webcam, en fait le compagnon idéal de votre quotidien.\r\nPlus pour moins cher\r\nNe vous fiez pas à son prix : pour un portable conçu pour un usage quotidien, l’IdeaPad 3 (15\",  INTEL N4020) vous offre beaucoup plus ! Avec son processeur mobile jusqu’à  INTEL N4020, dopé par de puissantes options de mémoire, de stockage et de circuit graphique, cet appareil va au-delà de vos attentes. En outre, que vous travailliez sur le budget familial ou prépariez une feuille de calcul, le clavier numérique s’avèrera bien pratique et boostera votre productivité.', 'Lenovo PC Portable IP1 N4020 15.6\" / 8GO /256SSD Bleu Garantie 2ans + Sacoche original t210', 700.00, 780.00, 800.00, 80, '665f5e9799d04.jpg', '665f5e979a1a8.jpg', '665f5e979a535.jpg', 7, '2024-06-04 17:36:07', '2024-06-04 17:36:07');
INSERT INTO `products` (`id`, `name`, `description`, `details`, `purchase_price`, `price`, `old_price`, `qte`, `photo`, `imag_one`, `imag_two`, `category_id`, `created_at`, `updated_at`) VALUES
(61, 'Lenovo PC Portable', 'PC Portable - Lenovo V15-IML G4 - AMD 7120U - 8G DDR5 Soudés - 256 SSD M.2 NVMe - 15,6\" FHD (82YU0044FE)   + Sacoche Offerte   \r\nRobuste et mobile\r\n\r\nL\'ordinateur portable Lenovo V15-IML G4 est conçu pour être à la fois robuste et puissant, afin que vous puissiez faire le travail. Avec sa conception robuste et son écran à cadre mince, il trouve le juste équilibre entre confort et mobilité. L\'ordinateur portable Lenovo V15 G4 offre performances et rapidité avec son processeur AMD Athlon Silver 7120U , 8 Go de mémoire DDR5 et 256 Go PCIexpress M.2 SSD .  \r\nÉCRAN 15,6\" AVEC CADRE FIN\r\n\r\nAvec un écran à cadre mince de 15,6 pouces et une résolution Full HD 1080p, l\'ordinateur portable Lenovo V15 G4 vous offre l\'expérience visuelle dont vous avez besoin pour travailler confortablement et profiter du divertissement multimédia.  \r\nCONCEPTION ROBUSTE\r\n\r\nLenovo a testé la fiabilité et la robustesse de cet ordinateur portable dans des conditions extrêmes dans huit catégories : chocs, vibrations, clavier, durée de vie des charnières, fiabilité du ventilateur, résistance aux rayures de l\'écran, température et pression de fonctionnement. Il est donc prêt à affronter toutes les conditions que votre vie professionnelle trépidante peut lui imposer.  \r\nEcran: 15.6\" Full-HD / Dalle TN / 60Hz\r\nProcesseur: AMD Athlon Silver 7120u (2 Coeurs / de 2.4Ghz à 3.5Ghz / 1MB Cache L2 / 2MB L3)\r\nMémoire RAM: 8GB soldered LPDDR5-4800\r\nDisque dur : 256GB SSD NVMe 4.0 M.2 2242\r\nCarte graphique: AMD Radeon 610M\r\nConnectivité : 1xEthernet(RJ-45), 1xHDMI 1.4b, 1xHeadphone/microphone combo Jack(3.5mm), 1xpoer Connector, 1xUSB-C Gen1, 2xUSB3.2 Gen1\r\nCaméra : HD 720p Avec Privacy Shutter\r\nSystème d\'exploitation: FreeDos\r\nCouleur: Noir\r\nPoids: 1,65 Kg\r\nGarantie: 1 an\r\n+ Sacoche Lenovo T210 Offerte', 'Lenovo PC Portable - V15-IML G4 - AMD 7120U - 8G DDR5 256SSD 15,6\" FHD + Sacoche Offerte', 800.00, 835.00, 890.00, 60, '665f5f40429ce.jpg', '665f5f4042ec4.jpg', '665f5f40432a0.jpg', 7, '2024-06-04 17:38:56', '2024-06-04 17:38:56'),
(62, 'Clavier pc', 'Clavier Flexible 5V-250MA : Clavier AZERTY - Souple et étanche - Idéal pour les déplacements - Rangement facile - Lavable à l\'eau - Interface USB - Couleur : Noir\r\nClavier flexible, pratique à transporter, étanche, lavable, résistantr, le rouler et le glisser dans votre sac très facilement Ce clavier est parfait pour une utilisation dans un environnement poudreux et humide Surface concave, frappe très agréable Un clavier est parfois accompagné de pédales, de la même manière que peut l’être le clavier d’un instrument de musique. Afin d\'assurer une certaine familiarité des usagers avec les différents modèles de clavier, ceux-ci sont l’objet de plusieurs normes1. La technique de frappe au clavier se nomme dactylographie. Pour une meilleure efficacité, un dactylographe vise à utiliser tous ses doigts.', 'Clavier pc portatif flexible USB', 15.00, 20.00, 25.00, 80, '665f5fd72c8af.jpg', '665f5fd72ce98.jpg', '665f5fd72d2bf.jpg', 7, '2024-06-04 17:41:27', '2024-06-04 17:41:27'),
(63, 'Clavier Bluetooth', 'Mini Clavier Bluetooth pour Smart TV et autres appareil Android, Ce mini clavier comprend toutes les touches d\'un clavier classique avec en plus celles d\'une télécommande (play, pause, mute, etc..) et des raccourcis très pratique (home, searching, etc\').,2,4 GHz clavier multimédia tactile sans fil à main Libre, il est adapté pour Smart TV, téléphone intelligent /PC/TV box/laptop. USB récepteur, aucun pilote nécessaire.. Multifonction ce Mini clavier sans fil 2,4 GHz, combo TouchPad, avec adaptateur d\'interface USB. Touchpad qui prend en charge les fonctions multi-doigts, un clic avec un doigt en tant que fonction de la souris gauche, un clic avec deux doigts en tant que fonction de la souris droite, le double doigt glisser comme écran déroulant. Batterie au lithium rechargeable intégrée! Conception de la poignée de jeu: Le mini clavier sans fil Android est conçu comme une poignée pour le joueur de jeu. Il y a 2 polorus ronds sur les côtés droit et gauche du clavier. En même temps, il ressemble également à un véritable clavier pour PC ou ordinateur portable', 'Mini Clavier Bluetooth pour Android - Noir', 22.00, 29.00, 32.00, 45, '665f60591417f.jpg', '665f605914643.jpg', '665f605914987.jpg', 7, '2024-06-04 17:43:37', '2024-06-04 17:43:37'),
(64, 'Imprimante hp', 'Conçu pour l\'impression de gros volumes\r\n\r\nObtenez jusqu’à 18 000 pages en noir et blanc ou 8 000 pages en couleur d’encre HP authentique incluses dans la boîte.\r\n\r\n \r\nAugmentez votre productivité à la maison\r\n\r\nGagnez du temps et augmentez votre productivité grâce à une impression de haute qualité, au recto-verso et à l’appli HP Smart.\r\n\r\n \r\nImpression recto-verso automatique\r\n\r\nEnchaînez rapidement plusieurs pages de document grâce à une impression recto-verso automatique.\r\n\r\n \r\nDes économies de taille\r\n\r\nParfait pour les volumes d’impression à faible coût, avec jusqu’à trois ans d’encre HP authentique inclus dans la boîte.\r\n\r\n \r\nLa fiabilité de votre connexion\r\n\r\nProfitez de connexions plus rapides et plus fiables grâce au Wi-Fi bibande avec réparation automatique.\r\n\r\n \r\nImpression respectueuse de l’environnement / Conçu pour l\'impression de gros volumes', 'PARTAGEZ CE PRODUIT\r\n\r\n\r\nHp Smart Tank 670 - Imprimante All-in-One - 3en1 - Wifi - Recto-Verso Automatique - 22PPM - à réservoir', 650.00, 739.00, 780.00, 50, '665f67c887b82.jpg', '665f67c887fcb.jpg', '665f67c888311.jpg', 7, '2024-06-04 18:15:20', '2024-06-04 18:15:20'),
(65, 'informatique Epson', 'Flexibilité moderne ,intégrez facilement cette imprimante à votre configuration domestique existante et imprimez à partir de mobiles, de tablettes et d\'ordinateurs portables 4 . De plus, avec l\'application Epson Smart Panel, vous pouvez contrôler votre imprimante depuis votre appareil intelligent 4 . Imprimez des documents et des photos, configurez, surveillez et dépannez depuis votre téléphone ou votre tablette.\r\n\r\nEmballé avec des fonctionnalités , doté d\'un écran LCD couleur de 3,7 cm, d\'une impression recto verso automatique, d\'une impression photo sans marge et de vitesses d\'impression allant jusqu\'à 10,5 pages par minute 5 , vous pouvez accélérer facilement une variété de tâches.\r\n\r\nImpression, copie et scan\r\nLivrée avec encre noire jusqu\'à 14000 pages et 5200 pages en couleur\r\nVitesse d\'impression noir: 33 pages/min (10,5 pages/min en norme ISO)\r\nVitesse d\'impression couleur: 15 pages/min (5 pages/min en norme ISO)\r\nImpression recto/verso: Automatique\r\nFonctionne avec: 4 Cartouches (noir, cyan, magenta, jaune)\r\nConnectivité: 1 port USB 2.0, Wi-Fi, Wi-Fi Direct\r\nApplication Smart Panel', 'Epson Imprimante EcoTank L4260 à réservoirs rechargeables Wi-Fi', 700.00, 799.00, 820.00, 45, '665f68e0edb54.jpg', '665f68e0ee048.jpg', '665f68e0ee40c.jpg', 7, '2024-06-04 18:20:00', '2024-06-04 18:20:00'),
(66, 'Hp Imprimante multifonction', 'Cette imprimante sans cartouche assure une qualité sans compromis et offre jusqu\'à 3 ans de cartouches d\'encre inclus dans la boîte. Bénéficiez de connexions plus rapides avec le Wi-Fi double bande, et de l\'impression mobile facile avec l\'application HP Smart.\r\n\r\n\r\n\r\n\r\nGrands volumes d\'impression à faible coût et conception innovante\r\n\r\nImprimez jusqu\'à 18 000 pages en noir et blanc ou jusqu\'à 8 000 pages en couleur.\r\n\r\nSurveillez et maintenez facilement les niveaux d\'encre avec une conception de réservoir intégré et un capteur d\'encre automatique.\r\n\r\nRechargez facilement votre réservoir d’encre avec des bouteilles sans éclaboussures et refermables.\r\n\r\nObtenez les fonctionnalités dont vous avez besoin pour le travail et d\'autres tâches grâce aux fonctionnalités de copie et de numérisation.\r\n\r\n\r\n\r\nUne technologie de pointe pour la meilleure qualité d\'impression de sa catégorie\r\nVous pouvez compter sur du texte net et sombre et sur des graphismes aux couleurs vives pour toutes vos impressions.\r\n\r\nImprimez des photos qui résistent à la décoloration et qui durent.\r\n\r\nCréez des brochures, des dépliants, des photos sans bordures, ainsi que d\'autres documents qui ont fière allure, directement dans votre bureau.\r\n\r\n\r\n\r\nDes connexions rapides, une productivité en toute simplicité\r\n\r\nBénéficiez de connexions plus rapides, plus fiables avec le Wi-Fi® double bande.\r\n\r\nFaites disparaître les étapes des tâches répétitives avec des raccourcis personnalisables Smart Tasks.\r\n\r\nDécouvrez la liberté de travailler quasiment partout avec l\'application HP Smart, imprimez, numérisez et copiez depuis votre téléphone.\r\nBénéficiez de vitesses jusqu\'à 38 % plus rapides par rapport au modèle HP Smart Tank précédent.', 'PARTAGEZ CE PRODUIT\r\n\r\n\r\nHp Imprimante multifonction - SMART TANK 515 - Wifi - 3en1 - Garantie 1an', 520.00, 578.00, 600.00, 80, '665f697e0b5bf.jpg', '665f697e0bae6.jpg', '665f697e0bea7.jpg', 7, '2024-06-04 18:22:38', '2024-06-04 18:22:38'),
(67, 'Baskets Enfants', 'Baskets Enfants LC 101 Beige Kaki - Similicuir - Scratch -\r\nLes enfants ont besoin de bonnes chaussures, Styles, élégantes et surtout confortables ! La nouvelle collection  de LC shoes+ propose des sneakers pour enfants fabriqués en Tunsie  de différentes couleurs  s\'adaptent à tous les styles d\'habillements, ces baskets   sont dotées  d\'une semelle intérieure synthétique TR souple et légère  de hauteur de talon 3 cm et de hauteur de plateau de 2 cm , tige de bonne qualité de  simili cuir  et doublure textile lisse afin de garder les pieds au sec et ainsi d\'empêcher les odeurs  . Il a double  fermeture à lacets et scratch qui s\'adapte parfaitement au pied de l\'enfant en pleine croissance. La semelle extérieure  offre une bonne traction et une excellente durabilité.Leur désign simple  et Nubuck  ce qui en fait une chaussure idéale pour les activités intérieures ou extérieures. Ces baskets sont un choix polyvalent et pratique pour les enfants actifs.', 'Icshoes+ Baskets Enfants LC 101 Beige Kaki - Simlicuir - Scratch -', 52.00, 50.00, 74.00, 58, '665f6ffd1b189.jpg', '665f6ffd1b739.jpg', '665f6ffd1bb77.jpg', 6, '2024-06-04 18:50:21', '2024-06-04 18:50:21'),
(68, 'Nike Basket', 'La marque a assuré sa notoriété par un logo simple et rapidement reconnaissable : le Swoosh, une virgule posée à l\'envers et à l\'horizontale ; il a été créé par Carolyn Davidson en 1971 comme une représentation stylisée de l\'aile de la déesse.\r\n\r\nEn 2005, Nike réalise 55 % de ses ventes à l\'étranger6. L\'entreprise est actuellement le plus grand équipementier sportif dans le monde avec un chiffre d\'affaires de 32,4 milliards de dollars, devant Adidas qui fut le leader incontesté pendant 50 ans7.', 'Nike Basket Pico 5 (Psv) - AR4161-600', 45.00, 60.00, 78.00, 20, '665f70a9415c2.jpg', '665f70a941ae3.jpg', '665f70a942050.jpg', 6, '2024-06-04 18:53:13', '2024-06-04 18:53:13'),
(69, 'Presse orange', 'Découvrez la révolution du petit-déjeuner avec le Presse-Agrumes Électrique Sokany, présenté par la boutique Kitchina sur Jumia. Cet appareil innovant allie design élégant et performances exceptionnelles pour transformer votre routine matinale en une expérience délicieuse et énergisante.Avec des dimensions d\'environ 17,7 * 28 cm, le presse-agrumes Sokany offre une compacité idéale pour s\'adapter à votre cuisine sans encombrer votre espace. Équipé d\'une prise UE, il est spécialement conçu pour une utilisation dans l\'Union européenne, répondant ainsi aux normes de sécurité et de qualité les plus strictes.Fonctionnant à une fréquence nominale de 50/60 Hz, le presse-agrumes Sokany s\'adapte facilement à différents systèmes électriques, assurant une polyvalence d\'utilisation. Sa tension nominale de 220 V en fait un choix optimal pour les foyers européens, assurant une performance fiable à chaque utilisation.Avec une puissance nominale de 45 W, cet appareil économe en énergie offre des résultats exceptionnels. Son réservoir d\'une capacité généreuse de 700 ml vous permet de presser vos agrumes préférés sans interruption, offrant une expérience de jus de fruits fraîchement pressé à chaque fois.Le Presse-Agrumes Sokany allie esthétique et fonctionnalité, créant un équilibre parfait entre design moderne et efficacité. Profitez de jus d\'agrumes frais et vitaminés sans tracas, grâce à cet appareil intuitif et facile à utiliser.\r\nCet appareil versatile est idéal pour tous les amateurs de jus de fruits, des petits-déjeuners revigorants aux soirées détendues. Offrez-vous un réveil dynamique avec le Presse-Agrumes Électrique Sokany, une exclusivité de la boutique Kitchina sur Jumia, pour une expérience de petit-déjeuner exceptionnelle au quotidien. Transformez votre routine matinale avec Sokany et savourez chaque gorgée de fraîcheur.Les caractéristiques électriques du Presse-Agrumes Électrique Sokany sont parfaitement adaptées à une utilisation dans l\'Union européenne. La prise européenne, standard dans de nombreux pays du continent, assure une compatibilité directe avec les systèmes électriques locaux. La fréquence nominale de 50 ou 60 Hertz permet une flexibilité d\'utilisation, s\'harmonisant avec les diverses fréquences présentes en Europe.', 'Sokany Presse orange électrique professionnel - JE-623D - 45W - 700 ml -Garantie 1 an', 50.00, 63.00, 72.00, 140, '665f76e76dfc1.jpg', '665f76e76e73d.jpg', '665f76e76ed96.jpg', 4, '2024-06-04 19:19:51', '2024-06-04 19:19:51'),
(71, 'Biolux Réfrigérateur', 'Ce réfrigérateur-congélateur posable Biolux présente les caractéristiques suivantes : couleur Inox. Technologie réduisant efficacement le taux d’humidité présent à l’intérieur du congélateur et empêchant ainsi l’accumulation de givre afin de prolonger la fraîcheur optimale de vos aliments En régulant indépendamment chaque cavité sans circulation d\'air entre les deux. Appareil de grande taille pour répondre aux besoins de toute la famille. Étagères en verre élégantes et robustes. Grande capacité et modularité.', 'Biolux Réfrigérateur - SIDE BY SIDE - SS 61 X - 610 L - NF - Inox - Garantie 1 an', 2900.00, 3000.00, 3100.00, 20, '665f782cab7cc.jpg', '665f782cabca5.jpg', '665f782cac06a.jpg', 4, '2024-06-04 19:25:16', '2024-06-04 19:25:16');

-- --------------------------------------------------------

--
-- Structure de la table `reviews`
--

CREATE TABLE `reviews` (
  `id` bigint UNSIGNED NOT NULL,
  `rate` double(8,2) NOT NULL,
  `content` text COLLATE utf8mb4_unicode_ci NOT NULL,
  `user_id` bigint UNSIGNED NOT NULL,
  `product_id` bigint UNSIGNED NOT NULL,
  `created_at` timestamp NULL DEFAULT NULL,
  `updated_at` timestamp NULL DEFAULT NULL
) ENGINE=InnoDB DEFAULT CHARSET=utf8mb4 COLLATE=utf8mb4_unicode_ci;

--
-- Déchargement des données de la table `reviews`
--

INSERT INTO `reviews` (`id`, `rate`, `content`, `user_id`, `product_id`, `created_at`, `updated_at`) VALUES
(1, 4.00, 'ikjhgfdsq', 2, 3, '2024-02-15 20:33:07', '2024-02-15 20:33:07'),
(2, 2.00, 'ddddddddddddddddd', 2, 3, '2024-02-15 20:52:21', '2024-02-15 20:52:21'),
(3, 5.00, 'sssssssssssssssssssssss', 2, 3, '2024-02-15 20:56:23', '2024-02-15 20:56:23'),
(6, 4.00, 'bon qualité', 1, 15, '2024-02-18 08:32:31', '2024-02-18 08:32:31'),
(8, 3.00, 'vvvvvvv', 2, 3, '2024-02-22 14:19:16', '2024-02-22 14:19:16'),
(11, 2.00, 'bb', 2, 14, '2024-03-05 19:51:07', '2024-03-05 19:51:07'),
(12, 3.00, 'fdghjbklm', 2, 4, '2024-03-09 16:12:21', '2024-03-09 16:12:21'),
(13, 5.00, 'RDTFGYHUJK', 14, 40, '2024-03-10 15:14:46', '2024-03-10 15:14:46'),
(14, 4.00, 'TY7U', 14, 40, '2024-03-10 15:15:14', '2024-03-10 15:15:14'),
(15, 4.00, 'jhgfds', 27, 4, '2024-05-11 18:48:46', '2024-05-11 18:48:46'),
(16, 4.00, 'uyghij', 7, 9, '2024-05-13 12:32:16', '2024-05-13 12:32:16'),
(17, 4.00, 'bonne qualité', 7, 4, '2024-05-18 10:21:20', '2024-05-18 10:21:20'),
(18, 5.00, 'ok', 7, 4, '2024-05-18 10:24:22', '2024-05-18 10:24:22'),
(19, 4.00, 'lkn', 7, 4, '2024-05-18 10:56:03', '2024-05-18 10:56:03'),
(20, 4.00, 'lkn', 7, 4, '2024-05-18 11:04:52', '2024-05-18 11:04:52'),
(21, 4.00, 'lkn', 7, 4, '2024-05-18 11:06:37', '2024-05-18 11:06:37'),
(22, 4.00, 'lkn', 7, 4, '2024-05-18 11:06:54', '2024-05-18 11:06:54'),
(23, 4.00, 'lkn', 7, 4, '2024-05-18 11:15:26', '2024-05-18 11:15:26'),
(24, 2.00, 'vhjgf', 7, 4, '2024-05-18 11:29:06', '2024-05-18 11:29:06'),
(25, 2.00, 'vhjgf', 7, 4, '2024-05-18 11:31:47', '2024-05-18 11:31:47'),
(26, 2.00, '69+9', 7, 4, '2024-05-18 13:05:35', '2024-05-18 13:05:35'),
(27, 5.00, 'hnbgfvdcs', 7, 4, '2024-05-18 13:06:55', '2024-05-18 13:06:55'),
(28, 5.00, 'hjgfds', 7, 4, '2024-05-18 13:07:09', '2024-05-18 13:07:09'),
(29, 5.00, 'jyhbgvfdsq', 7, 4, '2024-05-18 13:07:24', '2024-05-18 13:07:24'),
(30, 5.00, 'GBFVDCSXW', 7, 4, '2024-05-18 13:07:45', '2024-05-18 13:07:45'),
(31, 5.00, '.JH?GHNBFVXW', 7, 4, '2024-05-18 13:07:54', '2024-05-18 13:07:54'),
(32, 5.00, 'HJ?GNBGVFCXW', 7, 4, '2024-05-18 13:08:03', '2024-05-18 13:08:03'),
(33, 2.00, 'hgjk', 7, 13, '2024-05-18 13:23:51', '2024-05-18 13:23:51'),
(34, 1.00, '1456777777777', 28, 4, '2024-05-18 20:19:47', '2024-05-18 20:19:47'),
(35, 4.00, 'vvvvvvvvvvvvvvvvvv', 28, 4, '2024-05-18 20:26:34', '2024-05-18 20:26:34'),
(36, 3.00, 'llllllllllllll', 2, 4, '2024-05-18 21:29:51', '2024-05-18 21:29:51'),
(37, 1.00, 'bon qualité', 7, 58, '2024-05-19 09:59:08', '2024-05-19 09:59:08'),
(38, 4.00, 'une tres bonne qualite', 7, 4, '2024-05-24 10:06:03', '2024-05-24 10:06:03');

-- --------------------------------------------------------

--
-- Structure de la table `size_colors`
--

CREATE TABLE `size_colors` (
  `id` bigint UNSIGNED NOT NULL,
  `qte` int DEFAULT NULL,
  `id_product` int DEFAULT NULL,
  `size` varchar(255) COLLATE utf8mb4_unicode_ci NOT NULL,
  `color` varchar(255) COLLATE utf8mb4_unicode_ci NOT NULL,
  `created_at` timestamp NULL DEFAULT NULL,
  `updated_at` timestamp NULL DEFAULT NULL
) ENGINE=InnoDB DEFAULT CHARSET=utf8mb4 COLLATE=utf8mb4_unicode_ci;

--
-- Déchargement des données de la table `size_colors`
--

INSERT INTO `size_colors` (`id`, `qte`, `id_product`, `size`, `color`, `created_at`, `updated_at`) VALUES
(65, 206, 20, 'S', 'bleu', '2024-04-10 20:37:40', '2024-06-04 20:42:27'),
(66, 47, 20, 'S', 'rouge', '2024-04-10 20:38:00', '2024-06-02 16:08:08'),
(67, 44, 20, 'M', 'blanc', '2024-04-10 20:38:20', '2024-06-02 16:20:13'),
(68, 50, 20, 'M', 'vert', '2024-04-10 20:38:35', '2024-04-20 22:08:24'),
(69, 50, 20, 'L', 'noir', '2024-04-10 20:38:49', '2024-04-20 22:08:28'),
(70, 2, 20, 'L', 'rouge', '2024-04-10 20:39:01', '2024-05-24 10:03:35'),
(71, 50, 20, 'XL', 'jaune', '2024-04-10 20:39:17', '2024-04-20 22:08:47'),
(72, 41, 20, 'XL', 'bleu', '2024-04-10 20:39:33', '2024-06-02 16:08:08'),
(73, 46, 20, 'XXL', 'blanc', '2024-04-10 20:40:05', '2024-06-02 16:20:13'),
(74, 42, 20, 'XXL', 'jaune', '2024-04-10 20:40:18', '2024-04-20 22:19:07'),
(77, 12, 16, 'M', 'jaune', '2024-04-10 20:41:43', '2024-06-04 20:40:02'),
(78, 12, 16, 'L', 'jaune', '2024-04-10 20:41:54', '2024-06-04 20:40:08'),
(79, 12, 16, 'XL', 'jaune', '2024-04-10 20:42:04', '2024-06-04 20:40:15'),
(80, 12, 16, 'XXL', 'jaune', '2024-04-10 20:42:51', '2024-06-04 20:40:21'),
(81, 7, 19, 'M', 'bleu', '2024-04-10 20:43:35', '2024-06-04 21:01:50'),
(82, 3, 19, 'S', 'blanc', '2024-04-10 20:43:45', '2024-06-04 20:37:00'),
(84, 7, 19, 'XL', 'rouge', '2024-04-11 00:36:58', '2024-06-04 21:01:55'),
(85, 3, 19, 'XXL', 'vert', '2024-04-11 00:37:22', '2024-06-04 21:02:00'),
(86, 12, 16, 'S', 'jaune', '2024-04-11 00:45:32', '2024-06-04 20:40:27'),
(87, 0, 15, '34', 'bleu', '2024-04-14 02:16:40', '2024-04-14 02:17:47'),
(88, 50, 15, '40', 'blanc', '2024-04-14 02:16:49', '2024-04-14 02:16:49'),
(89, 11, 15, '56', 'jaune', '2024-04-14 02:16:59', '2024-04-14 02:16:59'),
(90, 4, 15, '36', 'noir', '2024-04-14 02:17:08', '2024-04-14 02:17:08'),
(91, 3, 57, '50', 'rouge', '2024-04-16 22:24:04', '2024-04-16 22:24:04'),
(93, 10, 1, '34', 'blanc', '2024-05-01 10:22:29', '2024-06-04 21:08:02'),
(94, 3, 1, '36', 'blanc', '2024-05-01 10:22:37', '2024-06-04 21:08:08'),
(95, 3, 1, '38', 'blanc', '2024-05-01 10:22:53', '2024-06-04 21:08:13'),
(96, 3, 1, '42', 'blanc', '2024-05-01 10:23:14', '2024-06-04 21:08:19'),
(97, 8, 1, '44', 'blanc', '2024-05-01 10:23:24', '2024-06-04 21:08:25'),
(101, 3, 1, '40', 'blanc', '2024-06-04 20:24:53', '2024-06-04 21:08:30'),
(102, 100, 7, '40', 'noir', '2024-06-04 20:31:03', '2024-06-04 21:00:08'),
(103, 100, 7, '42', 'noir', '2024-06-04 20:31:44', '2024-06-04 21:00:14'),
(104, 100, 7, '44', 'noir', '2024-06-04 20:32:05', '2024-06-04 21:00:21'),
(105, 100, 7, '46', 'noir', '2024-06-04 20:32:16', '2024-06-04 21:00:27'),
(106, 100, 7, '48', 'noir', '2024-06-04 20:32:29', '2024-06-04 21:00:32'),
(107, 4, 11, 'S', 'noir', '2024-06-04 20:34:26', '2024-06-04 20:37:53'),
(108, 3, 11, 'M', 'noir', '2024-06-04 20:35:06', '2024-06-04 20:38:01'),
(109, 4, 11, 'XL', 'noir', '2024-06-04 20:35:18', '2024-06-04 20:38:29'),
(110, 50, 24, 'M', 'blanc', '2024-06-04 20:43:16', '2024-06-04 21:02:46'),
(111, 50, 24, 'XL', 'blanc', '2024-06-04 20:43:26', '2024-06-04 21:02:52'),
(112, 39, 24, 'XXL', 'blanc', '2024-06-04 20:43:35', '2024-06-04 21:02:57'),
(113, 4, 28, 'XL', 'gris', '2024-06-04 20:44:29', '2024-06-04 21:03:54'),
(114, 3, 28, 'L', 'gris', '2024-06-04 20:44:29', '2024-06-04 21:03:50'),
(119, 20, 29, 'M', 'blanc', '2024-06-04 20:47:04', '2024-06-04 21:04:22'),
(120, 20, 29, 'L', 'blanc', '2024-06-04 20:47:15', '2024-06-04 21:04:29'),
(121, 20, 29, 'XL', 'gris', '2024-06-04 20:47:45', '2024-06-04 21:04:36'),
(122, 11, 29, 'XXL', 'gris', '2024-06-04 20:48:02', '2024-06-04 21:04:42'),
(123, 20, 46, '40', 'gris', '2024-06-04 20:50:14', '2024-06-04 21:05:36'),
(124, 20, 46, '42', 'gris', '2024-06-04 20:50:28', '2024-06-04 21:05:42'),
(125, 20, 46, '44', 'gris', '2024-06-04 20:50:37', '2024-06-04 21:05:46'),
(126, 20, 46, '46', 'gris', '2024-06-04 20:50:51', '2024-06-04 21:05:52'),
(127, 10, 47, 'M', 'bleu', '2024-06-04 20:54:36', '2024-06-04 20:54:36'),
(128, 10, 47, 'L', 'bleu', '2024-06-04 20:54:48', '2024-06-04 20:54:48'),
(129, 10, 47, 'XL', 'bleu', '2024-06-04 20:54:59', '2024-06-04 20:54:59'),
(130, 10, 47, 'XXL', 'bleu', '2024-06-04 20:55:13', '2024-06-04 20:55:13'),
(131, 50, 67, '34', 'marron', '2024-06-04 20:56:39', '2024-06-04 21:07:08'),
(132, 8, 67, '36', 'marron', '2024-06-04 20:56:59', '2024-06-04 21:07:14'),
(133, 20, 68, '34', 'rose', '2024-06-04 20:57:51', '2024-06-04 20:57:51'),
(134, 8, 9, 'XL', 'noir', '2024-06-04 20:59:03', '2024-06-04 20:59:03'),
(135, 41, 9, 'XXL', 'noir', '2024-06-04 20:59:19', '2024-06-04 20:59:19');

-- --------------------------------------------------------

--
-- Structure de la table `users`
--

CREATE TABLE `users` (
  `id` bigint UNSIGNED NOT NULL,
  `name` varchar(255) COLLATE utf8mb4_unicode_ci NOT NULL,
  `email` varchar(255) COLLATE utf8mb4_unicode_ci NOT NULL,
  `role` enum('admin','user') COLLATE utf8mb4_unicode_ci NOT NULL DEFAULT 'user',
  `email_verified_at` timestamp NULL DEFAULT NULL,
  `password` varchar(255) COLLATE utf8mb4_unicode_ci NOT NULL,
  `adress` varchar(255) CHARACTER SET utf8mb4 COLLATE utf8mb4_unicode_ci DEFAULT NULL,
  `photo` varchar(255) CHARACTER SET utf8mb4 COLLATE utf8mb4_unicode_ci DEFAULT NULL,
  `is_active` tinyint(1) NOT NULL DEFAULT '1',
  `phone` bigint DEFAULT NULL,
  `remember_token` varchar(100) COLLATE utf8mb4_unicode_ci DEFAULT NULL,
  `created_at` timestamp NULL DEFAULT NULL,
  `updated_at` timestamp NULL DEFAULT NULL
) ENGINE=InnoDB DEFAULT CHARSET=utf8mb4 COLLATE=utf8mb4_unicode_ci;

--
-- Déchargement des données de la table `users`
--

INSERT INTO `users` (`id`, `name`, `email`, `role`, `email_verified_at`, `password`, `adress`, `photo`, `is_active`, `phone`, `remember_token`, `created_at`, `updated_at`) VALUES
(1, 'admin', 'admin@admin.com', 'admin', NULL, '$2y$12$FvEBJ3Ebr8bOKw2uorLE2.wiZDFCu2TEqF.9PfeYM7g9c.t.zCAbm', 'admin', '1715776432_admin.jpeg', 1, 225564, NULL, NULL, '2024-05-15 11:33:52'),
(2, 'Rami', 'client@gmail.com', 'user', NULL, '$2y$12$ZAqHYXQdTCuR1tXdGY..quD87fbOfOdQQ2m5wGC/odAyDl1cvCPr2', 'cite salem tunis', '1716031193_rami.jpg', 1, 22334455, 'rXeRnFjqBaZFMwyi7ZGLHIcQNy5sj8pmxnGumbERBvrvUXGPgblMIF9HyV9v', '2024-02-14 09:24:17', '2024-05-26 15:09:42'),
(3, 'ahmed', 'ahmed@gmail.com', 'user', NULL, '$2y$12$NtU2GrSlKtMAibCjFkvGvO03ek43HTvCNcX5tkxjQN0G35m0ZrQFq', 'cite khadhra tunis', '1717539880_OIP.jpeg', 1, 22334455, NULL, '2024-02-18 08:35:48', '2024-06-04 21:24:40'),
(4, 'amir', 'amir@amir.coml', 'user', NULL, '$2y$12$aIkWrsWP3GgmXh04va3Zn.RIfY5M20hgbUKrAqNbNu6OKcSzS3M7K', NULL, NULL, 0, NULL, NULL, '2024-02-18 09:07:30', '2024-04-18 21:06:04'),
(5, 'aymen', 'aymen@gmail.com', 'user', NULL, '$2y$12$QawDHWBivoS0jVzqlDIHqOVVpOvS7o8J3p8l/R/.LXnH.LuoRv1h2', 'cite george tunis', '1717539982_op.jpg', 1, 25555555, NULL, '2024-02-18 09:17:42', '2024-06-04 21:26:22'),
(6, 'ali', 'ali@gmail.com', 'user', NULL, '$2y$12$yoNx.z8R78vPvl6cLSnhZuIYQ8f7wwEbIhYiZzDzCCC6pEUXk42Z2', 'cite centre urbain nord tunis', '1717540101_matiere.jpg', 1, 25555555, NULL, '2024-02-18 09:21:16', '2024-06-04 21:28:21'),
(7, 'sami', 'sami@gmail.com', 'user', NULL, '$2y$12$eow5bZc4T3RbSFNsChcg1OitDLVLTdyaprYM.CbKaa8RWKQUsi0kS', 'cite zahra tunis', '1715716361_25.png', 1, 235554778, 'GJQoIq9SYshs1HfBxUUtRDDyaS0qyWWB0MObpbzuJshMYVtQ4rKfcdnyQZ1P', '2024-02-18 09:26:38', '2024-05-20 15:13:58'),
(8, 'client1', 'aa@gmail.com', 'user', NULL, '$2y$12$GM5Fky3xmU2QaVEHM9W8j.nvIijSzstwhEALC.onDoqbqrHx31TCC', NULL, NULL, 1, NULL, NULL, '2024-02-25 12:09:21', '2024-02-25 12:09:21'),
(9, 'ffddss', 'dsec@gmail.com', 'user', NULL, '$2y$12$kJHRkKH2/N8s1R3vkM/uvu.jLTWyMXXa/cyn6ZPXH.418UH.C1uUu', NULL, NULL, 1, NULL, NULL, '2024-02-25 12:10:37', '2024-02-25 12:10:37'),
(10, 'client2', 'client2@client.com', 'user', NULL, '$2y$12$r3oPd0CzswAsJcnu4BXDOuD7oB9/jSQgLJpEeX9Q16a5ZrYgda/3a', NULL, NULL, 1, NULL, NULL, '2024-02-25 12:11:53', '2024-02-25 12:11:53'),
(11, 'client3', 'client3@client.com', 'user', NULL, '$2y$12$iBEoFLhRbfpURaOiZZyHZ.xZqMIh1jDPMj12gyzT2EEQKI0EkY/ca', NULL, NULL, 0, NULL, NULL, '2024-02-25 12:12:29', '2024-02-25 15:30:14'),
(12, 'client5', 'client5@client.com', 'user', NULL, '$2y$12$Vp1rh5Z8fFCHG5yUcaxzA.OpeWK4nkQoVM0NHG0RU9PW.a1/h0ojq', NULL, NULL, 1, NULL, NULL, '2024-02-25 12:13:01', '2024-02-25 12:13:01'),
(13, 'hamdi', 'hamdi@gmail.com', 'user', NULL, '$2y$12$q1Mh4swvXCNoqkawXLbjlOXa/u/kacXrd6W9bp9m6qjrXPZo0zPHK', NULL, NULL, 0, NULL, NULL, '2024-02-29 18:17:05', '2024-03-28 23:47:31'),
(14, 'HAFEDH', 'HAFEDH@GMAIL.COM', 'user', NULL, '$2y$12$IvZCQVA1G6x219vhZe8j4e3LBvXoe3xkxjBtobewUWLgwRYoVVccu', 'centre ville tunis', '1717540208_hafedh.jpeg', 1, 44558866, NULL, '2024-03-10 15:00:28', '2024-06-04 21:30:08'),
(15, 'nabil', 'nabil@gmail.com', 'user', NULL, '$2y$12$jfk58OPDzLoFJVDPfgnbv.uuGL0DUMylJXt7zY7.YY8AZxM5Rh.ZC', 'cite mutar tunis', '1717540321_nabil.jpg', 1, 29065151, NULL, '2024-03-11 18:16:59', '2024-06-04 21:32:01'),
(16, 'lolo', 'gg@gamil.com', 'user', NULL, '$2y$12$Rnm45ojmuMhvLNEGG6fVyuq3VkqLKVlKo1feXslrZdMUltwJ5Nj42', NULL, NULL, 1, NULL, NULL, '2024-03-11 18:48:00', '2024-03-11 18:48:00'),
(17, 'lolo4', 'gg2@gamil.com', 'user', NULL, '$2y$12$am09iXILleN0NCWMBovLR.W49aHTNRHQ/CakGuP7f4hUBuVqWcKrW', NULL, NULL, 1, NULL, NULL, '2024-03-11 18:51:13', '2024-03-11 18:51:13'),
(18, 'lolo2', 'lolo2@gmail.com', 'user', NULL, '$2y$12$b2yFQN2.nAwQJJF0AYzsC.PSfpkcxtdLynMRDqVFyQx/ZM8toxp5W', NULL, NULL, 1, NULL, NULL, '2024-03-11 18:54:03', '2024-03-11 18:54:03'),
(19, 'lili', 'lili2@gmail.com', 'user', NULL, '$2y$12$7Tp7WMr5NRCZ3REZPoZX/.glNy4WRdfnDL9wyidYESp.W915i2TTC', NULL, NULL, 1, NULL, NULL, '2024-03-11 19:37:03', '2024-03-11 19:37:03'),
(20, 'lilo', 'lilo@gmail.com', 'user', NULL, '$2y$12$VNWl3vQ4fJjZufMSMEIVjuJsydrnmd9.W0QCevg87qL0Jcoi.eol.', NULL, NULL, 1, NULL, NULL, '2024-03-11 19:50:27', '2024-03-11 19:50:27'),
(21, 'hh', 'hh@gmail.com', 'user', NULL, '$2y$12$3uj7c3Vxzp1ACXGChoeGweA5W96BA5a7F25Z5FxO5QOkiqH.f82c6', NULL, NULL, 1, NULL, NULL, '2024-03-11 19:55:33', '2024-03-11 19:55:33'),
(22, 'lily', 'lily@gmail.com', 'user', NULL, '$2y$12$DA9JqLD2L/mxNZ/Nwuxl5u9urcqOjpFJusp/RH.RS5uvDav6mcT7m', NULL, NULL, 1, NULL, NULL, '2024-03-11 19:57:56', '2024-03-11 19:57:56'),
(23, 'pink', 'pink@gmail.com', 'user', NULL, '$2y$10$zOPP8dVmB/S7iRlqi7Jue.dqYSuDAhAdcOZ03LeadhQWxfiWqrjaC', NULL, NULL, 1, NULL, NULL, '2024-03-11 20:23:43', '2024-03-11 20:23:43'),
(24, 'akaya', 'akaya@gmail.com', 'user', NULL, '$2y$12$1DR2zDlBOeJ0ZuqTVkZTteRneXchz2yG8LNrGOaIJsAi7PD3YRvM2', NULL, NULL, 1, NULL, NULL, '2024-03-11 21:01:45', '2024-03-11 21:01:45'),
(25, 'haykel', 'haykel@gmail.com', 'user', NULL, '$2y$12$rfuBIauoM0EW2OfYcbO1cu/fSeYE8JmfvNRQHUcRGsLpnMQda2WZC', NULL, NULL, 1, NULL, NULL, '2024-03-12 19:54:11', '2024-03-12 19:54:11'),
(26, 'modi', 'modi@gmail.com', 'user', NULL, '$2y$12$ct1BDqbXqLjx71rdEadT5ukFX5Qvtfd8ZyKtvzB9KBj0cR/7zHEBe', NULL, NULL, 1, NULL, NULL, '2024-04-24 20:53:02', '2024-04-24 20:53:02'),
(27, 'maher', 'maher@gmail.com', 'user', NULL, '$2y$12$7Shll9jY3RYKzAAzwRu6pe/z7dwyRcW5DDnUxoeFsjUtLCATBiJAK', 'cite mutar tunis', '1715456533_58.png', 1, 23586147, 'eSJysoGHaEFEU8auNsPWP5YiplsUwAVs87vffLW57YsRErClpvrxFmCRbs5g', '2024-04-24 21:02:24', '2024-05-20 12:35:36'),
(28, 'amine', 'amine@gmail.com', 'user', NULL, '$2y$12$qne5JCc/m5kI/.9VHnh0ROmebS7ZACawKZRN4tyAdQrB6kOB0Rocm', 'cite khaznadar tunis', '1715014004_22.png', 1, 97237866, 'fgPRKolXql160oYTGz055gcussBY6RYqycwiKC9d5s6BcCEUobhxpEb7NSeu', '2024-04-27 12:17:59', '2024-05-20 13:22:16'),
(29, 'walid', 'walid@gmail.com', 'user', NULL, '$2y$12$0AeNuA00RptSeoBmtKbwSuExJw.aoMxWA/Qfq11yq6ftjb8zHcRJK', 'cite zahra tunis', '1717540477_maher.jpeg', 1, 44558866, NULL, '2024-05-01 19:25:04', '2024-06-04 21:34:37'),
(30, 'jojo', 'jojo@gmail.com', 'user', NULL, '$2y$12$4NsvB1EQ8i5ivMzjrMuSdumvofMQUeasIVH78zwIZYWBqO.cmpapu', NULL, NULL, 1, NULL, NULL, '2024-05-02 22:52:08', '2024-05-02 22:52:08'),
(31, 'coq', 'coq@gmail.com', 'user', NULL, '$2y$12$e74ljGafqZ8YZHbKvY/wyOxk3Xu..UE7oMj/eIV/npZDX57LnexSy', NULL, NULL, 1, NULL, NULL, '2024-05-02 22:53:45', '2024-05-02 22:53:45'),
(32, 'mirage', 'mirra@gmail.com', 'user', NULL, '$2y$12$lq0QqfHVpVnWyLAmBLoDAOS6eDdnEE/R9KA8UTq7Vw3RukiXygY/W', 'Cité El Ghazala, Av. Fethi Zouhaier, 2083 Ariana, Cite El Ghazala, Ariana Governorate · 7.5 km', '1717540590_mirra.jpeg', 1, 22334455, 'SDSuhLNDITcfPtAudcnan35HgLUKxsz1bRM1TQYkRTAwJCAJ4VY0ohwCJooh', '2024-05-03 20:58:46', '2024-06-04 21:36:30'),
(33, 'nana', 'nana@gmail.com', 'user', NULL, '$2y$12$yJJcqzBi7F2owSAu0jZ4XOuAloqVL0g2Tt9KzPXH3samg3K8qhvkO', NULL, NULL, 1, NULL, NULL, '2024-05-03 21:16:47', '2024-05-03 21:16:47'),
(34, 'mina', 'mina@gmail.com', 'user', NULL, '$2y$12$od5YT.5Ldl0oRJo1FdEtUezYl.Y7ild/76Bq25ru1jeIw3w0o4lwa', NULL, 'C:\\Users\\Wael1\\AppData\\Local\\Temp\\php834D.tmp', 1, 21644778855, NULL, '2024-05-04 11:37:54', '2024-05-04 11:37:54'),
(35, 'mona', 'mona@gmail.com', 'user', NULL, '$2y$12$5WXOguQN8w.TJSJhjq4jPuNwjUPMctX0PRivFKrfN2zZISB/RX95S', NULL, 'C:\\Users\\Wael1\\AppData\\Local\\Temp\\phpD0B9.tmp', 1, 21629065151, NULL, '2024-05-04 11:40:24', '2024-05-04 11:40:24'),
(36, 'mouna', 'mouuna@gmail.com', 'user', NULL, '$2y$12$GzlKPXhBTS5hdamBU7PWSetiOa5KwP20tbbgWoFRuWlMplP0xzX7S', NULL, 'C:\\Users\\Wael1\\AppData\\Local\\Temp\\php4BF3.tmp', 1, 21629065151, NULL, '2024-05-04 12:01:41', '2024-05-04 12:01:41'),
(37, 'tsc', 'tsc@gmail.com', 'user', NULL, '$2y$12$AiuHcRv1Ic78ofFShQxm4O8kIMArTVJ/LCcHMOKkRKsmIjoujEKGG', NULL, 'C:\\Users\\Wael1\\AppData\\Local\\Temp\\php37F5.tmp', 1, 98666, NULL, '2024-05-04 12:03:47', '2024-05-04 12:03:47'),
(38, 'tcc', 'tcc@gmail.com', 'user', NULL, '$2y$12$PK7MJCebeMwll4LsfmAG9eSuKEaTe3V0QIJlceOxDYJfPhCBh/dZi', 'hgfdscs', 'C:\\Users\\Wael1\\AppData\\Local\\Temp\\php3F89.tmp', 1, 2555555, NULL, '2024-05-04 12:07:06', '2024-05-04 12:07:06'),
(39, 'yas', 'yas@gmail.com', 'user', NULL, '$2y$12$vqR5ggbTcz5Ts/8pqnSb/uI.r3rF8M/GQSmatvbBnANGmSMS/Se/6', 'cite zahra tunis', 'C:\\Users\\Wael1\\AppData\\Local\\Temp\\phpA52F.tmp', 1, 54766255, NULL, '2024-05-04 12:09:43', '2024-05-04 12:09:43'),
(40, 'yasm', 'yasm@gmailcom', 'user', NULL, '$2y$12$XpcTmWcqWlyBO8PO4mJ2ye.ZGzHMxTDybugQLUK1WbuDelAnlCuG6', 'cite mutar tunis', 'public/dashassets/img/client/iuyIbnV8tyBz89RUteWTl8BDJ0CpcPksg7z65qkS.png', 1, 1457850365, NULL, '2024-05-04 12:51:41', '2024-05-04 12:51:41'),
(41, 'yesmi', 'yesmi@gmail.com', 'user', NULL, '$2y$12$bcCdtIMatCh8lm8sQapDTOiRK0j.DKiQn4MfG36.qfE2fb8DNBUJC', 'cite zahra tunis1', '1714849645_3.png', 1, 21674562547, NULL, '2024-05-04 13:05:07', '2024-05-04 18:07:25'),
(42, 'jas', 'jas@gmail.com', 'user', NULL, '$2y$12$x0K9nEso7wFP8z1F.LZavOzwLeGVzQDlQ9RQE7.kMN8rGbjCaOo7C', 'gggggggggggggggg', '66366308cd803.png', 1, 44444444444, NULL, '2024-05-04 15:32:09', '2024-05-04 15:32:09'),
(43, 'hatem selimi', 'hatem@gmail.com', 'user', NULL, '$2y$12$Rk75w.GhvpU6Mz2ln7IFEuVeFZqawj2QKg4VEi5Le4/7AHDXGpC6q', 'cite zahra tunis', '6642181909f60.png', 1, 93254785, NULL, '2024-05-13 12:39:37', '2024-05-13 12:39:37'),
(44, 'manar', 'manaar@gmail.com', 'user', NULL, '$2y$12$4wLR5doKOZPlb1Vj1ESv0OFBYTyq6baETcmrhahnE06nWxuOW.A/a', 'cite centre urbain nord tunis', '664218c45846f.png', 1, 21629065151, NULL, '2024-05-13 12:42:28', '2024-05-13 12:42:28'),
(45, 'oussama', 'ayadioussamagc@gmail.com', 'user', NULL, '$2y$12$a8CeHoTIl0fwPenv1dLR5ua7Q//CyyT5lPm9lxmQESb4SLjifAubW', 'cite el ghazala tunis', '66428131c6692.png', 1, 98237865, NULL, '2024-05-13 20:08:02', '2024-05-13 20:08:02'),
(46, 'test', 'test@gmail.com', 'user', NULL, '$2y$12$A.FbcBPwfJbzCut4Ha8Mlu4YSmAYY8pTwYENaUI/uNWQsFWIGFzwi', 'ariana', '6643c3ce6022a.png', 1, 22334455, NULL, '2024-05-14 19:04:30', '2024-05-14 19:04:30');

--
-- Index pour les tables déchargées
--

--
-- Index pour la table `categories`
--
ALTER TABLE `categories`
  ADD PRIMARY KEY (`id`);

--
-- Index pour la table `commandes`
--
ALTER TABLE `commandes`
  ADD PRIMARY KEY (`id`),
  ADD KEY `commandes_client_id_foreign` (`client_id`);

--
-- Index pour la table `failed_jobs`
--
ALTER TABLE `failed_jobs`
  ADD PRIMARY KEY (`id`),
  ADD UNIQUE KEY `failed_jobs_uuid_unique` (`uuid`);

--
-- Index pour la table `ligne_commandes`
--
ALTER TABLE `ligne_commandes`
  ADD PRIMARY KEY (`id`),
  ADD KEY `ligne_commandes_product_id_foreign` (`product_id`),
  ADD KEY `ligne_commandes_commande_id_foreign` (`commande_id`);

--
-- Index pour la table `migrations`
--
ALTER TABLE `migrations`
  ADD PRIMARY KEY (`id`);

--
-- Index pour la table `password_resets`
--
ALTER TABLE `password_resets`
  ADD KEY `password_resets_email_index` (`email`);

--
-- Index pour la table `password_reset_tokens`
--
ALTER TABLE `password_reset_tokens`
  ADD PRIMARY KEY (`email`);

--
-- Index pour la table `personal_access_tokens`
--
ALTER TABLE `personal_access_tokens`
  ADD PRIMARY KEY (`id`),
  ADD UNIQUE KEY `personal_access_tokens_token_unique` (`token`),
  ADD KEY `personal_access_tokens_tokenable_type_tokenable_id_index` (`tokenable_type`,`tokenable_id`);

--
-- Index pour la table `products`
--
ALTER TABLE `products`
  ADD PRIMARY KEY (`id`),
  ADD KEY `products_category_id_foreign` (`category_id`);

--
-- Index pour la table `reviews`
--
ALTER TABLE `reviews`
  ADD PRIMARY KEY (`id`),
  ADD KEY `reviews_user_id_foreign` (`user_id`),
  ADD KEY `reviews_product_id_foreign` (`product_id`);

--
-- Index pour la table `size_colors`
--
ALTER TABLE `size_colors`
  ADD PRIMARY KEY (`id`);

--
-- Index pour la table `users`
--
ALTER TABLE `users`
  ADD PRIMARY KEY (`id`),
  ADD UNIQUE KEY `users_email_unique` (`email`);

--
-- AUTO_INCREMENT pour les tables déchargées
--

--
-- AUTO_INCREMENT pour la table `categories`
--
ALTER TABLE `categories`
  MODIFY `id` bigint UNSIGNED NOT NULL AUTO_INCREMENT, AUTO_INCREMENT=8;

--
-- AUTO_INCREMENT pour la table `commandes`
--
ALTER TABLE `commandes`
  MODIFY `id` bigint UNSIGNED NOT NULL AUTO_INCREMENT, AUTO_INCREMENT=409;

--
-- AUTO_INCREMENT pour la table `failed_jobs`
--
ALTER TABLE `failed_jobs`
  MODIFY `id` bigint UNSIGNED NOT NULL AUTO_INCREMENT;

--
-- AUTO_INCREMENT pour la table `ligne_commandes`
--
ALTER TABLE `ligne_commandes`
  MODIFY `id` bigint UNSIGNED NOT NULL AUTO_INCREMENT, AUTO_INCREMENT=822;

--
-- AUTO_INCREMENT pour la table `migrations`
--
ALTER TABLE `migrations`
  MODIFY `id` int UNSIGNED NOT NULL AUTO_INCREMENT, AUTO_INCREMENT=79;

--
-- AUTO_INCREMENT pour la table `personal_access_tokens`
--
ALTER TABLE `personal_access_tokens`
  MODIFY `id` bigint UNSIGNED NOT NULL AUTO_INCREMENT;

--
-- AUTO_INCREMENT pour la table `products`
--
ALTER TABLE `products`
  MODIFY `id` bigint UNSIGNED NOT NULL AUTO_INCREMENT, AUTO_INCREMENT=72;

--
-- AUTO_INCREMENT pour la table `reviews`
--
ALTER TABLE `reviews`
  MODIFY `id` bigint UNSIGNED NOT NULL AUTO_INCREMENT, AUTO_INCREMENT=39;

--
-- AUTO_INCREMENT pour la table `size_colors`
--
ALTER TABLE `size_colors`
  MODIFY `id` bigint UNSIGNED NOT NULL AUTO_INCREMENT, AUTO_INCREMENT=136;

--
-- AUTO_INCREMENT pour la table `users`
--
ALTER TABLE `users`
  MODIFY `id` bigint UNSIGNED NOT NULL AUTO_INCREMENT, AUTO_INCREMENT=47;

--
-- Contraintes pour les tables déchargées
--

--
-- Contraintes pour la table `commandes`
--
ALTER TABLE `commandes`
  ADD CONSTRAINT `commandes_client_id_foreign` FOREIGN KEY (`client_id`) REFERENCES `users` (`id`) ON DELETE CASCADE;

--
-- Contraintes pour la table `ligne_commandes`
--
ALTER TABLE `ligne_commandes`
  ADD CONSTRAINT `ligne_commandes_commande_id_foreign` FOREIGN KEY (`commande_id`) REFERENCES `commandes` (`id`) ON DELETE CASCADE,
  ADD CONSTRAINT `ligne_commandes_product_id_foreign` FOREIGN KEY (`product_id`) REFERENCES `products` (`id`) ON DELETE CASCADE;

--
-- Contraintes pour la table `products`
--
ALTER TABLE `products`
  ADD CONSTRAINT `products_category_id_foreign` FOREIGN KEY (`category_id`) REFERENCES `categories` (`id`) ON DELETE CASCADE;

--
-- Contraintes pour la table `reviews`
--
ALTER TABLE `reviews`
  ADD CONSTRAINT `reviews_product_id_foreign` FOREIGN KEY (`product_id`) REFERENCES `products` (`id`) ON DELETE CASCADE,
  ADD CONSTRAINT `reviews_user_id_foreign` FOREIGN KEY (`user_id`) REFERENCES `users` (`id`) ON DELETE CASCADE;
COMMIT;

/*!40101 SET CHARACTER_SET_CLIENT=@OLD_CHARACTER_SET_CLIENT */;
/*!40101 SET CHARACTER_SET_RESULTS=@OLD_CHARACTER_SET_RESULTS */;
/*!40101 SET COLLATION_CONNECTION=@OLD_COLLATION_CONNECTION */;
